company_id,company_name,country,size,logo,website,about_us
50612,"TopDev's Client",Vietnam,25-99,https://assets.topdev.vn/images/2024/03/01/TopDev-SE6qQ18EbAUjcfoD-1709278717.png,https://topdev.vn/,"We are American company that specializes in developing software for the music industry. The programs we develop help record labels and artists market and monetize their music. We have offices in US and Europe, and we opened our Hanoi office in 2018. We are a young, dynamic company that is committed to making the music industry a simpler, more profitable place for artists."
61082,"C√¥ng ty C·ªï ph·∫ßn Ominext",Finland,500-999,https://assets.topdev.vn/images/2023/12/29/TopDev-msz9zpVSPCJs8InH-1703834291.png,https://www.ominext.com/vi,"Th√†nh l·∫≠p nƒÉm 2012, v·ªõi b·ªÅ d√†y g·∫ßn 11 nƒÉm kinh nghi·ªám, OmiGroup ƒë√£ - ƒëang l√† l·ª±a ch·ªçn tin c·∫≠y c·ªßa nhi·ªÅu ƒë·ªëi t√°c, t·ªï ch·ª©c trong lƒ©nh v·ª±c Y t·∫ø s·ªë."
61226,"FPT Software",Vietnam,"H∆°n 1000",https://assets.topdev.vn/images/2021/04/12/FPTSOFT-Logo-new-NVf2j.png,https://career.fpt-software.com/,"FPT Software l√† c√¥ng ty th√†nh vi√™n thu·ªôc T·∫≠p ƒëo√†n FPT. ƒê∆∞·ª£c th√†nh l·∫≠p t·ª´ nƒÉm 1999, FPT Software hi·ªán l√† c√¥ng ty chuy√™n cung c·∫•p c√°c d·ªãch v·ª• v√† gi·∫£i ph√°p ph·∫ßn m·ªÅm cho c√°c kh√°ch h√†ng qu·ªëc t·∫ø, v·ªõi h∆°n 28000 nh√¢n vi√™n, hi·ªán di·ªán t·∫°i 27 qu·ªëc gia tr√™n to√†n c·∫ßu. Nhi·ªÅu nƒÉm li·ªÅn, FPT Software ƒë∆∞·ª£c b√¨nh ch·ªçn l√† Nh√† Tuy·ªÉn d·ª•ng ƒë∆∞·ª£c y√™u th√≠ch nh·∫•t v√† n·∫±m trong TOP c√°c c√¥ng ty c√≥ m√¥i tr∆∞·ªùng l√†m vi·ªác t·ªët nh·∫•t Vi·ªát Nam."
62173,"C√¥ng Ty C·ªï Ph·∫ßn Ph√°t H√†nh S√°ch TP H·ªì Ch√≠ Minh - FAHASA",Vietnam,"H∆°n 1000",https://assets.topdev.vn/files/logos/939ebd5a64b75c181038525d515f01dc.png,www.fahasa.com,"Fahasa l√† m·ªôt trong nh·ªØng c√¥ng ty b√°n l·∫ª h√†ng ƒë·∫ßu Vi·ªát Nam v·ªõi h∆°n 40 nƒÉm t·ªìn t·∫°i v√† m·∫°ng l∆∞·ªõi h∆°n 100 nh√† s√°ch ph·ªß kh·∫Øp Vi·ªát Nam."
63677,"C√îNG TY TNHH KEIZU VI·ªÜT NAM",Vietnam,25-99,https://assets.topdev.vn/images/2022/01/20/TopDev-logo5KnhuywZi1xCuATQdBhb1h1KifnNWJXU-1642666408.jpeg,http://keizu.vn/,"C√¥ng ty TNHH Keizu Vi·ªát Nam¬†ƒë∆∞·ª£c th√†nh l·∫≠p v√†o nƒÉm 2013 v√† l√† c√¥ng ty h√†ng ƒë·∫ßu trong lƒ©nh v·ª±c T∆∞ v·∫•n CRM Salesforce ‚Äì ph·∫ßn m·ªÅm qu·∫£n l√Ω quan h·ªá kh√°ch h√†ng h√†ng ƒë·∫ßu th·∫ø gi·ªõi, c≈©ng l√† c√¥ng ty chuy√™n v·ªÅ nghi√™n c·ª©u c√¥ng ngh·ªá, t∆∞ v·∫•n CRM v√† chuy·ªÉn ƒë·ªïi CNTT t·∫°i Vi·ªát Nam v√† Ch√¢u √Å Th√°i B√¨nh D∆∞∆°ng."
64074,"MISA SOFTWARE",Vietnam,"H∆°n 1000",https://assets.topdev.vn/files/logos/6a2ed11035a701110031dc9068dc99ba.jpg,http://www.misa.com.vn,"TR·∫¢I QUA G·∫¶N 30 NƒÇM H√åNH TH√ÄNH V√Ä PH√ÅT TRI·ªÇN, ƒê·∫æN NAY MISA C√ì 01 TR·ª§ S·ªû CH√çNH, 01 TRUNG T√ÇM PH√ÅT TRI·ªÇN PH·∫¶N M·ªÄM, 01 TRUNG T√ÇM T∆Ø V·∫§N V√Ä H·ªñ TR·ª¢ KH√ÅCH H√ÄNG, 05 VƒÇN PH√íNG ƒê·∫†I DI·ªÜN T·∫†I: H√Ä N·ªòI, ƒê√Ä N·∫¥NG, BU√îN MA THU·ªòT, TP.H·ªí CH√ç MINH, C·∫¶N TH∆†."
64442,"C√îNG TY C·ªî PH·∫¶N CH·ª®NG KHO√ÅN VNDIRECT",Vietnam,"H∆°n 1000",https://assets.topdev.vn/images/2021/07/16/TopDev-LogoVNDIRECT-tmphmminh-1626399835.png,https://www.vndirect.com.vn/,
64832,"CYBOZU VIETNAM",Japan,25-99,https://assets.topdev.vn/images/2022/02/28/TopDev-logoLcUiJsxWseqQMTzbf3wXCvJoQRAUmf52-1646039294.png,https://cybozu.vn/,"WHO ARE WE?"
64877,"Bravestars Games",Vietnam,100-499,https://assets.topdev.vn/images/2022/07/19/TopDev-Bravestars-Logo-1658215756.png,https://www.bravestars.com/,"Ch√∫ng t√¥i l√† BRAVESTARS!"
67052,"Restaff - House of Norway",Norway,100-499,https://assets.topdev.vn/images/2023/11/17/TopDev-oRdSd3HHNZa7FQDk-1700194284.png,https://www.restaff.no/,"Restaff - House of Norway was established in 2007 and is a Norwegian company based in Ho Chi Minh City, Vietnam."
67320,"BSS Group",Vietnam,100-499,https://assets.topdev.vn/images/2023/10/17/TopDev-z2F86p0b8KwwodKt-1697535265.jpg,http://bssgroup.vn‚Äã,"BSS Group is the trusted partner for full service ecommerce solutions.Since 2012, BSS has provided a wide range of products and services on multiple platforms. Two years later, BSS Commerce was established representing a significant step in the company's efforts to build a reputable brand of products & services.In 2022, we are thrilled to have Magestore and Simicart join the ecosystem to diversify our offerings for hundred thousands of customers from over 150 countries in the world."
67546,"SPS Vietnam Company Limited",Switzerland,"H∆°n 1000",https://assets.topdev.vn/images/2023/02/07/TopDev-SPS_Logo-wTag_green_rgb_pos-1675757792.png,https://www.spsglobal.com/en/home,"ABOUT SPS"
68206,"FPT IS",Vietnam,"H∆°n 1000",https://assets.topdev.vn/images/2024/05/03/TopDev-glQDdmhvsNpKO4qt-1714706079.png,https://fpt-is.com/,"As a cornerstone of FPT Corporation, a leader in integrated solutions and IT services in Vietnam for nearly three decades, FPT IS proudly stands as a trusted partner, committed to co-creating future value through technology alongside top enterprises and organizations, both domestically and globally."
70161,"NEC Vietnam",Japan,100-499,https://assets.topdev.vn/images/2021/10/11/TopDev-logoTfMFjgN0C6UmH9ZSU93bZqsO9kHoE55K-1633926986.png,https://vn.nec.com/Ôªø,"NEC established its liaison office in Vietnam in the early 1990s. In line with its growth strategy, it was re-organized as NEC Vietnam Co., Ltd. in 2006, with a newfound commitment to grow the business and contribute towards the people and society of Vietnam."
70585,"NG√ÇN H√ÄNG √Å CH√ÇU (ACB)",Vietnam,"H∆°n 1000",https://assets.topdev.vn/images/2023/10/31/TopDev-ACB-1698729382.png,http://www.acbjobs.com.vn/,"ACB Fintech: we‚Äôre building a startup at ACB to serve our millions of customers. We‚Äôre looking for exceptional talent to drive growth. Shape the management team that will deliver world-class technology to acquire the next million customers."
72387,"BIN CORPORATION GROUP VI·ªÜT NAM",Vietnam,100-499,https://assets.topdev.vn/images/2023/08/20/TopDev-Bin__Logo-1692521448.jpg,https://www.bincg.com/,"V·ªÅ BIN CORPORATION GROUP"
72403,"South Telecom",Vietnam,100-499,https://assets.topdev.vn/images/2020/07/22/logonHXVEqXDWg7m3totbQkEf1JOyXdv92j5-dErSQ.png,https://southtelecom.vn/,"South Telecom l√† Nh√† cung c·∫•p d·ªãch v·ª• s·ªë - DSP (Digital Service Provider) s·ªü h·ªØu s·∫£n ph·∫©m c√≥ c√¥ng ngh·ªá ti√™n ti·∫øn, t√≠ch h·ª£p hi·ªáu qu·∫£ c√°c ·ª©ng d·ª•ng c·ªßa kh√°ch h√†ng, ƒë·ªìng h√†nh t·∫°o n√™n gi·∫£i ph√°p th√†nh c√¥ng cho Doanh nghi·ªáp."
73654,"Ekino VietNam",France,100-499,https://assets.topdev.vn/files/logos/9d05f9f061845603e3db3793bc2fd3fb.png,https://www.ekino.vn/,"Ekino is a French company specialising in the Conception, Design, Development and Maintenance of digital solutions: Digital Platforms, Websites, and Mobile Applications."
75283,SUGA,Vietnam,100-499,https://assets.topdev.vn/images/2021/01/27/Suga-Logo-3uXBs.PNG,https://thesugagroup.com,"C√¥ng ty TNHH SUGA l√† m·ªôt doanh nghi·ªáp ho·∫°t ƒë·ªông tr√™n nhi·ªÅu lƒ©nh v·ª±c nh∆∞: c√¥ng ngh√™ th√¥ng tin (Web/Mobile/Game), k·ªπ thu·∫≠t ph·∫ßn m·ªÅm, n√¥ng nghi·ªáp c√¥ng ngh·ªá cao, d·ªãch v·ª• ƒÉn u·ªëng, √Ω t·∫ø‚Ä¶ v·ªõi quy m√¥ g·∫ßn 200 nh√¢n vi√™n, m√¥i tr∆∞·ªùng l√†m vi·ªác th√¢n thi·ªán, c√°c ch·∫ø ƒë·ªô ƒë√£i ng·ªô cao v√† lu√¥n ch·∫•p h√†nh ƒë√∫ng c√°c quy ƒë·ªãnh c·ªßa Lu·∫≠t lao ƒë·ªông Vi·ªát Nam. Tuy nhi√™n, trong qu√° tr√¨nh ph√°t tri·ªÉn v√† m·ªü r·ªông kinh doanh, C√¥ng ty ch√∫ng t√¥i ƒëang t√¨m ki·∫øm v√† b·ªï sung c√°c ·ª©ng vi√™n tr·∫ª, nƒÉng ƒë·ªông v√† c√≥ ki·∫øn th·ª©c k·ªπ nƒÉng t·ªët."
76377,"Endava Vietnam","United Kingdom",10.000-19.999,https://assets.topdev.vn/images/2024/07/11/TopDev-KrmoWfoyc7jWlPlI-1720670823.png,https://www.endava.com/,"Technology is our how. And people are our why."
80045,"Trung t√¢m Qu·∫£n tr·ªã d·ªØ li·ªáu BIDV",Vietnam,"H∆°n 1000",https://assets.topdev.vn/images/2023/06/06/TopDev-bfa6b93fb403a3b65d5a5571561969b8-1686024670.png,https://www.bidv.com.vn/,"Ng√¢n h√†ng TMCP ƒê·∫ßu t∆∞ v√† Ph√°t tri·ªÉn Vi·ªát Nam (BIDV) l√† ng√¢n h√†ng h√†ng ƒë·∫ßu t·∫°i Vi·ªát Nam, ho·∫°t ƒë·ªông kinh doanh trong nhi·ªÅu lƒ©nh v·ª±c nh∆∞: Ng√¢n h√†ng, B·∫£o hi·ªÉm, Ch·ª©ng kho√°n. V·ªõi h∆°n 25.000 c√°n b·ªô nh√¢n vi√™n, BIDV nh·∫≠n th·ª©c ƒë∆∞·ª£c r·∫±ng ngu·ªìn nh√¢n l·ª±c l√† m·ªôt nh√¢n t·ªë quan tr·ªçng h√†ng ƒë·∫ßu cho s·ª± ph√°t tri·ªÉn v√† th√†nh c√¥ng c·ªßa t·ªï ch·ª©c. V√¨ v·∫≠y, m·ªôt trong nh·ªØng m·ª•c ti√™u quan tr·ªçng nh·∫•t c·ªßa BIDV l√† ph·∫£i x√¢y d·ª±ng, duy tr√¨ v√† ph√°t tri·ªÉn ƒë·ªôi ng≈© nh√¢n vi√™n ƒë·∫£m b·∫£o ƒë·ªß v·ªÅ s·ªë l∆∞·ª£ng v√† ch·∫•t l∆∞·ª£ng ƒë·ªÉ th·ª±c hi·ªán th·∫Øng l·ª£i c√°c m·ª•c ti√™u, chi·∫øn l∆∞·ª£c kinh doanh c·ªßa h·ªá th·ªëng."
81673,"T·ªïng c√¥ng ty Truy·ªÅn th√¥ng ƒëa ph∆∞∆°ng ti·ªán - VTC",Vietnam,"H∆°n 1000",https://assets.topdev.vn/files/logos/bb239a23ec12e82b39c035b330696cd8.jpg,https://vtcpay.vn/,"T·ªïng c√¥ng ty VTC ho·∫°t ƒë·ªông ch√≠nh trong c√°c lƒ©nh v·ª±c N·ªôi dung s·ªë, Th∆∞∆°ng m·∫°i ƒëi·ªán t·ª≠, D·ªãch v·ª• Truy·ªÅn h√¨nh, Vi·ªÖn th√¥ng, C√¥ng ngh·ªá th√¥ng tin... Trong qu√° tr√¨nh ho·∫°t ƒë·ªông v√† kh√¥ng ng·ª´ng ph√°t tri·ªÉn, T·ªïng c√¥ng ty VTC ƒë√£ kh·∫≥ng ƒë·ªãnh ƒë∆∞·ª£c v·ªã th·∫ø c·ªßa m·ªôt T·ªïng c√¥ng ty nh√† n∆∞·ªõc ƒëi ƒë·∫ßu trong vi·ªác khai th√°c, ·ª©ng d·ª•ng c√≥ hi·ªáu qu·∫£ ti·ªÅm nƒÉng v√† s·ª©c m·∫°nh h·ªôi t·ª• c·ªßa c√°c ng√†nh: Ph√°t thanh - Truy·ªÅn h√¨nh, Vi·ªÖn th√¥ng v√† C√¥ng ngh·ªá th√¥ng tin."
81961,"VIETCAP SECURITIES",Vietnam,100-499,https://assets.topdev.vn/images/2023/11/03/TopDev-Logo-Cong-Ty-Cp-Chung-Khoan-VIETCAP-1698998970.png,https://www.vietcap.com.vn,"Vietcap Trading"
82230,ABHORIZON,Vietnam,25-99,https://assets.topdev.vn/images/2020/03/31/Q60qv9OKU9wX0udwv4fho0GMXTiSAMxJ.png,https://www.abhorizon.com,"Through technology, we contribute to improve the process and manage resource for our client. Founded in 2009, ABhorizon offers flexible professional IT project delivery and expert IT advice. We support small to large-sized businesses throughout Vietnam and internationally. ABhorizon provides Software products, IT services, Network - Security consultation and also Hosting services for a variety of industry verticals including Insurance, Banking, Capital Markets, Government, News, Manufacturing and Retail. These solutions and services include Managed IT Services, Application Software Development & Maintenance, Business Intelligence, Document Imaging & Digitization, IT Consulting."
83682,"Trung T√¢m C√¥ng ngh·ªá th√¥ng tin Mobifone",Vietnam,100-499,https://assets.topdev.vn/images/2024/08/06/TopDev-MobileFoneIT_logoRGB-01-1722936255.png,https://it.mobifone.vn/tuyen-dung/,"Trung t√¢m C√¥ng ngh·ªá th√¥ng tin MobiFone l√† ƒë∆°n v·ªã tr·ª±c thu·ªôc T·ªïng c√¥ng ty Vi·ªÖn th√¥ng MobiFone, ch·ªãu tr√°ch nhi·ªám tri·ªÉn khai kinh doanh c√°c gi·∫£i ph√°p, d·ªãch v·ª• C√¥ng ngh·ªá th√¥ng tin cho kh·ªëi kh√°ch h√†ng Ch√≠nh ph·ªß v√† Doanh nghi·ªáp."
83764,"CyberLogitec Vietnam Co., Ltd.",South-Korea,500-999,https://assets.topdev.vn/images/2024/05/02/TopDev-9EqSyPZLpQhzhQGl-1714625830.jpg,http://cyberlogitec.com.vn/,"CyberLogitec Vietnam is an ODC (Off-shore Development Center) in Vietnam providing outsourcing service for SW Development, Testing and 24/7 Service Desk."
83814,"CODE88 Company Limited",Singapore,100-499,https://assets.topdev.vn/images/2021/02/08/LogoCode88-AiNguyen-DlmcQ.png,https://www.code88.asia/,"We provide IT solutions by developing software platform for business operation to local and overseas small and medium-sized enterprises (SMEs)."
84004,"HCL Technologies",India,500-999,https://assets.topdev.vn/images/2023/04/20/TopDev-HCLLogo-1681959414.png,https://www.hcltech.com/,"ABOUT HCL VIETNAM"
84011,"Viettel Group",Vietnam,"H∆°n 1000",https://assets.topdev.vn/images/2023/02/03/TopDev-Viettel-Logo-Original-1675389520.png,https://tuyendung.viettel.vn/,"T·∫≠p ƒëo√†n C√¥ng nghi·ªáp ‚Äì Vi·ªÖn th√¥ng Qu√¢n ƒë·ªôi, th∆∞·ªùng d∆∞·ª£c bi·∫øt ƒë·∫øn d∆∞·ªõi t√™n giao d·ªãch Viettel hay T·∫≠p ƒëo√†n Viettel, l√† m·ªôt t·∫≠p ƒëo√†n vi·ªÖn th√¥ng v√† c√¥ng ngh·ªá Vi·ªát Nam ƒë∆∞·ª£c th√†nh l·∫≠p v√†o ng√†y 1 th√°ng 6 nƒÉm 1989. C√°c ng√†nh ngh·ªÅ ch√≠nh c·ªßa t·∫≠p ƒëo√†n bao g·ªìm: ng√†nh d·ªãch v·ª• vi·ªÖn th√¥ng & c√¥ng ngh·ªá th√¥ng tin; ng√†nh nghi√™n c·ª©u s·∫£n xu·∫•t thi·∫øt b·ªã ƒëi·ªán t·ª≠ vi·ªÖn th√¥ng, ng√†nh c√¥ng nghi·ªáp qu·ªëc ph√≤ng, ng√†nh c√¥ng nghi·ªáp an ninh m·∫°ng v√† ng√†nh cung c·∫•p d·ªãch v·ª• s·ªë. S·∫£n ph·∫©m n·ªïi b·∫≠t nh·∫•t c·ªßa Viettel hi·ªán nay l√† m·∫°ng di ƒë·ªông Viettel Mobile. C√¥ng ty th√†nh vi√™n Viettel Telecom c·ªßa Viettel hi·ªán ƒëang l√† nh√† m·∫°ng gi·ªØ th·ªã ph·∫ßn l·ªõn nh·∫•t tr√™n th·ªã tr∆∞·ªùng d·ªãch v·ª• vi·ªÖn th√¥ng Vi·ªát Nam."
84137,Lisa,Vietnam,10-24,https://assets.topdev.vn/images/2020/10/14/0c4d321ed6d203bbcc155e41ceaaef22-yMFpN.png,http://lisa.com.vn/,"Th√†nh l·∫≠p nƒÉm 2011, Lisa Sofware l√† c√¥ng ty chuy√™n cung c·∫•p¬†c√°c s·∫£n ph·∫©m d·ªãch v·ª• li√™n quan ƒë·∫øn qui tr√¨nh qu·∫£n l√Ω c√¥ng vi·ªác, v√© m√°y bay. Ngo√†i ra c√¥ng ty c√≤n li√™n k·∫øt v·ªõi c√°c ƒë·ªëi t√°c ƒë·ªÉ cung c·∫•p c√°c gi·∫£i ph√°p trong l√£nh v·ª±c T·ªïng ƒë√†i s·ªë, Giao nh·∫≠n h√†ng h√≥a, B·∫£o hi·ªÉm."
84197,"SSTech Company",Vietnam,25-99,https://assets.topdev.vn/images/2024/08/05/TopDev-7708fe79f502545bc073f93961b9692c-1722822868.png,https://www.sstechvn.com/,SSTECHVN.COM
84236,"ILA Vietnam",Vietnam,500-999,https://assets.topdev.vn/images/2021/01/04/ila-viet-nam-logo-PhuongThiThuHoang-Z7dtC.png,https://ila.edu.vn/,"ILA Vietnam is a foreign-owned educational and training company. We offer a broad range of educational programmes and services, including:"
84242,"CB/I Digital","United States",100-499,https://assets.topdev.vn/images/2020/10/28/image20201028T013853808Z-DDPLH.png,https://www.cbidigital.com/,"CBI Digital is a technology and digital marketing company with offices in New York, US, and Ho Chi Minh City, Vietnam. We develop large-scale, cloud-based platforms and mobile apps for VC-backend technology startups and enterprise clients."
84267,"ACworks Vietnam",Japan,10-24,https://assets.topdev.vn/images/2024/01/04/TopDev-e6fe6e602d5373f644b17d62486d6ac1-1704354602.png,https://acworks.co.jp,"ACworks l√† c√¥ng ty 100% production, ho·∫°t ƒë·ªông ·ªü lƒ©nh v·ª±c cung c·∫•p c√°c s·∫£n ph·∫©m v·ªÅ stock ·∫£nh, thi·∫øt k·∫ø,...C√°c s·∫£n ph·∫©m c·ªßa c√¥ng ty ƒëang ph√°t tri·ªÉn m·∫°nh ·ªü th·ªã tr∆∞·ªùng Nh·∫≠t B·∫£n, v√† ƒëang trong giai ƒëo·∫°n v∆∞∆°n t·∫ßm th·∫ø gi·ªõi. Tri·∫øt l√Ω kinh doanh c·ªßa c√¥ng ty l√†: "Tr·ªü th√†nh m·ªôt c√¥ng ty cung c·∫•p cu·ªôc s·ªëng sung t√∫c kh√¥ng ch·ªâ v·ªÅ m·∫∑t t√†i ch√≠nh m√† c√≤n v·ªÅ c√¥ng ngh·ªá v√† tr√≠ tu·ªá cho m·ªçi ng∆∞·ªùi tr√™n kh·∫Øp th·∫ø gi·ªõi th√¥ng qua n·ªÅn t·∫£ng c·ªßa ch√∫ng t√¥i". V·ªõi m·ª•c ti√™u ƒë√≥ ch√∫ng t√¥i ƒë√£ v√† ƒëang cho ra ƒë·ªùi r·∫•t nhi·ªÅu d·ªãch v·ª• ti·ªán √≠ch v√† kh√¥ng ng·ª´ng ƒë·ªïi m·ªõi s√°ng t·∫°o ƒë·ªÉ ph·ª•c v·ª• ng∆∞·ªùi d√πng. ƒê·ªÉ ti·∫øn xa v√† mang l·∫°i nhi·ªÅu gi√° tr·ªã tuy·ªát v·ªùi h∆°n n·ªØa, ch√∫ng t√¥i ƒëang t√¨m ki·∫øm v√† t·∫°o r·∫•t nhi·ªÅu c∆° h·ªôi l√†m vi·ªác cho t·∫•t c·∫£ c√°c b·∫°n tr·∫ª t√†i nƒÉng, kh√°t khao ƒë·ªÉ chinh ph·ª•c c√°c th·ª≠ th√°ch."
84390,"Chubb Life Vietnam",Vietnam,500-999,https://assets.topdev.vn/images/2022/10/24/TopDev-CHUBBLogoDarkBlueRGB-1666581285.png,https://life.chubb.com/vn,"Chubb Life Vietnam"
84681,"C√îNG TY TNHH SAMSUNG SDS VI·ªÜT NAM",South-Korea,"H∆°n 1000",https://assets.topdev.vn/images/2024/01/18/TopDev-a058039cffaa55dc00205bcb5d97da44-1705553654.jpg,https://www.samsungsds.com/,"Samsung SDS ƒë∆∞·ª£c th√†nh l·∫≠p nƒÉm 1985 v·ªõi t∆∞ c√°ch l√† ph√¢n nh√°nh ICT c·ªßa T·∫≠p ƒëo√†n Samsung."
84734,"C√îNG TY TNHH STARFRUIT VINA",South-Korea,10-24,https://assets.topdev.vn/images/2023/10/11/TopDev-Screenshot-2023-10-11-151920-1697012787.png,http://www.starfruit.vn/,"[T·ªïng quan c√¥ng ty]"
84890,"Hanatour Japan System Vi·ªát Nam (HJSV)",Japan,10-24,https://assets.topdev.vn/images/2022/03/10/TopDev-4f03a1588ae4cd4af47d602ba84c8cfc-1646905353.png,http://hanatourjsv.com,"Hanatour Japan System Vi·ªát Nam (https://hanatourjsv.com/) l√† m·ªôt c√¥ng ty 100% v·ªën ƒë·∫ßu t∆∞ c·ªßa Hanatour Japan (http://www.hanatourjapan.jp/).¬†Ch√∫ng t√¥i chuy√™n ph√°t tri·ªÉn c√°c h·ªá th·ªëng Web ·ª©ng d·ª•ng, t√≠ch h·ª£p API v·ªõi ƒë·ªëi t√°c, ph·ª•c v·ª• cho c√°c lƒ©nh v·ª±c v·ªÅ du l·ªãch, d·ªãch v·ª• li√™n quan."
85306,"New Ocean IS",Vietnam,100-499,https://assets.topdev.vn/images/2024/08/15/TopDev-2b6755d780368c07cd115d683d066c52-1723710439.png,https://nois.vn/,"Over the past 13 years, New Ocean IS has been dedicated to delivering outstanding services and solutions to its clients. As a company, New Ocean IS has evolved and grown, adapting to changing technologies and market demands.¬† Our commitment to innovation, excellence, and customer satisfaction has enabled us to become a trusted and respected player in the industry."
85437,"LG Electronics R&D Vietnam",South-Korea,"H∆°n 1000",https://assets.topdev.vn/images/2023/08/21/TopDev-2a58f7a092a6059750d4aec373ef4baf-1692609445.png,https://www.lg.com/vn,"From 1st January 2023, our company will embark on a new milestone to be an independent legal entity, from LG Vehicle components Solution Development Center Vietnam - LG VS DCV -become LG Electronics Development Vietnam Company Limited ‚Äì LGEDV."
85551,"C√îNG TY TNHH CUNG C·∫§P GI·∫¢I PH√ÅP D·ªäCH V·ª§ GI√Å TR·ªä GIA TƒÇNG (VIVAS)",Vietnam,100-499,https://assets.topdev.vn/images/2020/11/09/vivas-logo.png,https://vivas.vn/,"C√¥ng ty TNHH Cung c·∫•p Gi·∫£i ph√°p D·ªãch v·ª• Gi√° tr·ªã Gia tƒÉng (VIVAS) tr·ª±c thu·ªôc C√¥ng ty C·ªï ph·∫ßn C√¥ng ngh·ªá C√¥ng nghi·ªáp B∆∞u ch√≠nh Vi·ªÖn th√¥ng Vi·ªát Nam (VNPT Technology), ƒë∆°n v·ªã th√†nh vi√™n c·ªßa T·∫≠p ƒëo√†n VNPT, ti·ªÅn th√¢n l√† li√™n doanh gi·ªØa T·∫≠p ƒëo√†n VNPT v√† T·∫≠p ƒëo√†n Alcatel Lucent (Ph√°p). V·ªõi th·∫ø m·∫°nh c·ªßa m√¨nh, VIVAS t·ª± tin v√†o vi·ªác ph√°t tri·ªÉn c√°c gi·∫£i ph√°p to√†n di·ªán, s·∫£n ph·∫©m ch·∫•t l∆∞·ª£ng c≈©ng nh∆∞ d·ªãch v·ª• kh√°ch h√†ng ho√†n h·∫£o trong lƒ©nh v·ª±c Vi·ªÖn th√¥ng v√† C√¥ng ngh·ªá Th√¥ng tin, mang l·∫°i s·ª± h√†i l√≤ng t·ªëi ƒëa cho kh√°ch h√†ng v√† c√°c ƒë·ªëi t√°c."
85557,MCredit,Vietnam,"H∆°n 1000",https://assets.topdev.vn/images/2021/04/14/MCREDIT-luongtrang-7TeVC.png,https://mcredit.com.vn/,"C√¥ng ty T√†i ch√≠nh TNHH MB SHINSEI (Mcredit) chuy·ªÉn ƒë·ªïi h√¨nh th·ª©c ph√°p l√Ω t·ª´ C√¥ng ty T√†i ch√≠nh TNHH MTV MB theo Quy·∫øt ƒë·ªãnh s·ªë 1965/Qƒê-NHNN ng√†y 21/09/2017 c·ªßa Ng√¢n h√†ng Nh√† n∆∞·ªõc Vi·ªát Nam. V·ªën ƒëi·ªÅu l·ªá c·ªßa Mcredit t√≠nh ƒë·∫øn th√°ng 2/2018 l√† 800 t·ª∑ ƒë·ªìng.¬† Mcredit h∆∞·ªõng t·ªõi tr·ªü th√†nh m·ªôt c√¥ng ty t√†i ch√≠nh ti√™u d√πng thu·∫≠n ti·ªán cho m·ªçi ng∆∞·ªùi d√¢n, ƒë∆∞·ª£c kh√°ch h√†ng ∆∞u ti√™n l·ª±a ch·ªçn c√°c s·∫£n ph·∫©m d·ªãch v·ª• t√†i ch√≠nh ti√™u d√πng ƒëa d·∫°ng, ƒë√°p ·ª©ng nhu c·∫ßu c·ªßa kh√°ch h√†ng c√≥ thu nh·∫≠p khi√™m t·ªën t·ª´ th√†nh th·ªã t·ªõi n√¥ng th√¥n. C√°c s·∫£n ph·∫©m ch√≠nh c·ªßa Mcredit l√†: Cho vay ti·ªÅn m·∫∑t v√† Cho vay tr·∫£ g√≥p, v·ªõi l·ª£i th·∫ø s·∫£n ph·∫©m v∆∞·ª£t tr·ªôi, th·ªß t·ª•c x√©t duy·ªát nhanh g·ªçn, d·ªãch v·ª• chƒÉm s√≥c h·∫≠u m√£i t·∫≠n t√¢m, l√£i su·∫•t c·∫°nh tranh v√† m·∫°ng l∆∞·ªõi r·ªông kh·∫Øp gi√∫p Mcredit nhanh ch√≥ng ti·∫øp c·∫≠n t·ªõi ƒë√¥ng ƒë·∫£o kh√°ch h√†ng trong th·ªùi gian ng·∫Øn."
85578,HOIIO,Singapore,100-499,https://assets.topdev.vn/images/2022/05/19/TopDev-hoiiologooutputcopy-SamPan-1652941726.jpg,https://www.b3networks.com/,"HOIIO is a software company and provide cloud communication and apps to businesses on a subscription and usage based business model. We are founded in Singapore in 2007 and have expanded regionally with offices in Malaysia, Hong Kong and Vietnam.¬† We are a firm believer in cloud technologies and its ability to empower a new era of agile businesses and have invested over 8 years of research and development into our awards winning agile cloud platform."
85593,"Ng√¢n h√†ng TMCP S√†i G√≤n Th∆∞∆°ng t√≠n (Sacombank)",Vietnam,10.000-19.999,https://assets.topdev.vn/images/2022/07/25/TopDev-Screenshot2022-07-25141645-1658733437.png,https://sacombankcareer.com/,"Sacombank ƒë∆∞·ª£c th√†nh l·∫≠p v√†o ng√†y 21/12/1991, l√† m·ªôt trong nh·ªØng Ng√¢n h√†ng Th∆∞∆°ng m·∫°i C·ªï ph·∫ßn ƒë·∫ßu ti√™n ƒë∆∞·ª£c th√†nh l·∫≠p t·∫°i TP.HCM. Qua 32 nƒÉm h√¨nh th√†nh v√† ph√°t tri·ªÉn, Sacombank hi·ªán l√† m·ªôt trong nh·ªØng ng√¢n h√†ng h√†ng ƒë·∫ßu Vi·ªát Nam c√≥ n·ªÅn t·∫£ng ph√°t tri·ªÉn hi·ªáu qu·∫£, an to√†n v√† b·ªÅn v·ªØng"
85604,"BStar Solutions",Vietnam,100-499,https://assets.topdev.vn/images/2022/09/05/TopDev-BStar-Logo-TrmAnh-1662372298.png,https://bstarsolutions.com/,"As a proud member of Galaxy Holdings - Sovico Group, BStar Solutions Digital stands as a dynamic force in the digital realm, recognized for our prowess in talent and customizable solutions. We are dedicated to propelling businesses worldwide to new heights through cutting-edge digital, software, and IT solutions. Across diverse industries, including Aviation, EAI, Fintech, Manufacturing, Automotive, Blockchain, Medical, Health Tech, Real Estate, Hospitality, Education, and beyond, we serve as a strategic partner, empowering organizations with innovation and excellence."
86156,VietSunshine,Vietnam,25-99,https://assets.topdev.vn/images/2022/05/31/TopDev-VietSunnshine-Logo-1653968653.png,https://vietsunshine.com.vn/,"VietSunshine - l√† nh√† ph√¢n ph·ªëi c√°c gi·∫£i ph√°p an ninh m·∫°ng, gi·∫£i ph√°p chuy·ªÉn ƒë·ªïi s·ªë, h·∫° t·∫ßng CNTT, d·ªãch v·ª• ki·ªÉm tra v√† ƒë√°nh gi√° ATTT."
86583,"BIDV Securities Company (BSC)",Vietnam,100-499,https://assets.topdev.vn/images/2023/02/15/TopDev-198576aaba8633a45f8d25853a3ffedb-1676451431.png,https://www.bsc.com.vn/,"C√¥ng ty C·ªï ph·∫ßn Ch·ª©ng kho√°n Ng√¢n h√†ng ƒê·∫ßu t∆∞ v√† Ph√°t tri·ªÉn Vi·ªát Nam ƒë∆∞·ª£c c·∫•p ph√©p th√†nh l·∫≠p ng√†y 26/11/1999, ti·ªÅn th√¢n l√† C√¥ng ty TNHH Ch·ª©ng kho√°n Ng√¢n h√†ng ƒê·∫ßu t∆∞ v√† Ph√°t tri·ªÉn Vi·ªát Nam (BSC). Sau khi BSC tin h√†nh c·ªï ph·∫ßn h√≥a v√† ƒë·∫•u gi√° th√†nh c√¥ng 10.195.570 c·ªï ph·∫ßn, ng√†y 01/01/2011, C√¥ng ty ch√≠nh th·ª©c ƒë·ªïi t√™n th√†nh C√¥ng ty C·ªï ph·∫ßn Ch·ª©ng kho√°n Ng√¢n h√†ng ƒê·∫ßu t∆∞ v√† Ph√°t tri·ªÉn Vi·ªát Nam v·ªõi s·ªë v·ªën ƒëi·ªÅu l·ªá l√† 865 t·ª∑ ƒë·ªìng."
86774,HOPEE,Vietnam,25-99,https://assets.topdev.vn/images/2022/06/14/TopDev-z29014312455472ed0f0ce158edd1a91d9f91e0609f608-HopeeHR-1655170673.jpg,https://hopee.com.vn/,"HOPEE is a professional ‚Äòoffshore‚Äô software development organization. To thrive on delivering challenging projects for a wide variety of customers, we use the latest technologies to develop software for business intelligence, ERP, relationship networks, GIS, risk management systems and application for mobile devices. Our vision and mission are not only to open, strengthen our business market in IT Software field but also to provide you a chance for your career path, to enrich your professional knowledge and commitment to build a friendly, energetic and enthusiastic working environment."
86856,"CA Advance",Japan,100-499,https://assets.topdev.vn/images/2022/08/18/TopDev-Screenshot2022-08-18141733-1660807277.png,https://www.ca-adv.vn,"CA ADVANCE l√† m·ªôt trong nh·ªØng c√¥ng ty con c·ªßa t·∫≠p ƒëo√†n Cyber Agent, hi·ªán ƒëang r·∫•t ph√°t tri·ªÉn t·∫°i Nh·∫≠t B·∫£n. NƒÉm 2014, CA ADVANCE ƒë√£ ƒë·∫∑t chi nh√°nh n∆∞·ªõc ngo√†i ƒë·∫ßu ti√™n t·∫°i Th√†nh ph·ªë H·ªì Ch√≠ Minh ‚Äì Vi·ªát Nam. C√¥ng ty chuy√™n v·ªÅ lƒ©nh v·ª±c qu·∫£ng c√°o Internet, h∆∞·ªõng ƒë·∫øn vi·ªác cung c·∫•p cho kh√°ch h√†ng d·ªãch v·ª• Qu·∫£ng c√°o Internet t·ªëi t√¢n v√† hi·ªáu qu·∫£ nh·∫•t."
87151,"Woori Bank",South-Korea,500-999,https://assets.topdev.vn/images/2022/08/26/TopDev-295509125703921667691438456616260143748810n-MaiAnh-1661489442.jpg,https://www.woori.com.vn,"Ng√¢n h√†ng Woori Vi·ªát Nam l√† ng√¢n h√†ng c√≥ 100% v·ªën ƒë·∫ßu t∆∞ c·ªßa n∆∞·ªõc ngo√†i, c√≥ m·∫∑t l·∫ßn ƒë·∫ßu ti√™n t·∫°i Vi·ªát Nam v√†o nƒÉm 1997, cho ƒë·∫øn nƒÉm 2017 th√¨ th√†nh l·∫≠p ph√°p nh√¢n ch√≠nh th·ª©c v·ªõi t√™n g·ªçi Ng√¢n h√†ng TNHH MTV Woori Vi·ªát Nam (Ng√¢n h√†ng Woori Vi·ªát Nam), ƒë·∫∑t H·ªôi s·ªü t·∫°i H√† N·ªôi. Sau khi th√†nh l·∫≠p ph√°p nh√¢n, Ng√¢n h√†ng Woori Vi·ªát Nam ƒë√£ m·ªü r·ªông m·∫°ng l∆∞·ªõi kinh doanh, c√≥ m·∫∑t ·ªü h·∫ßu h·∫øt c√°c th√†nh ph·ªë l·ªõn nh∆∞ H√† N·ªôi, TP. H·ªì Ch√≠ Minh, ƒê√† N·∫µng, C·∫ßn Th∆°,‚Ä¶ v·ªõi 24 chi nh√°nh v√† ph√≤ng giao d·ªãch tr√™n c·∫£ n∆∞·ªõc."
87956,"Ng√¢n h√†ng TMCP Vi·ªát √Å - VietABank",Vietnam,"H∆°n 1000",https://assets.topdev.vn/images/2022/06/10/TopDev-0LogoVietABank-HoangNguyen-1654843788.png,tuyendung.vietabank.com.vn,"ƒê∆∞·ª£c th√†nh l·∫≠p t·ª´ nƒÉm 2003, VietABank ƒë√£ v√† ƒëang t·ª´ng b∆∞·ªõc x√¢y d·ª±ng v√† ph√°t tri·ªÉn v·ªØng m·∫°nh, ƒë·∫°t nhi·ªÅu th√†nh t·ª±u v√† d·∫ßn kh·∫≥ng ƒë·ªãnh v·ªã th·∫ø l√† ƒë∆°n v·ªã Ng√¢n h√†ng Uy t√≠n h√†ng ƒë·∫ßu. V·ªõi 20 nƒÉm ph√°t tri·ªÉn v·ªõi n·ªÅn t·∫£ng vƒÉn h√≥a ƒë∆∞·ª£c x√¢y d·ª±ng tr√™n 4 gi√° tr·ªã c·ªët l√µi: Tr√°ch nhi·ªám, Ch√≠nh tr·ª±c, ƒêam m√™, Trung th√†nh. ƒê√≥ l√† m·ªôt h√†nh tr√¨nh ƒë·∫ßy t·ª± h√†o c·ªßa VietABank, m·ªôt c√¢u chuy·ªán nhi·ªÅu m√†u s·∫Øc v·ªÅ nh·ªØng th√†nh c√¥ng c·ªßa ch√∫ng t√¥i ƒë∆∞·ª£c t·∫°o n√™n t·ª´ nh·ªØng con ng∆∞·ªùi VietABank. Ch√∫ng t√¥i cam k·∫øt mang ƒë·∫øn cho b·∫°n m·ªôt m√¥i tr∆∞·ªùng l√†m vi·ªác tr√°ch nhi·ªám, nƒÉng su·∫•t v√† chuy√™n nghi·ªáp v·ªõi ch·∫ø ƒë·ªô ƒë√£i ng·ªô, ph√∫c l·ª£i, th·ªèa ƒë√°ng v√† c·∫°nh tranh."
88647,"C√îNG TY TNHH MITEK VI·ªÜT NAM","United States","H∆°n 1000",https://assets.topdev.vn/images/2022/04/12/TopDev-5177fd7af46a06086b37826de40035fa-1649746004.png,https://mitekvietnam.com.vn/vi,"MiTek¬Æ is a global company focused on providing integrated software, services, engineered products and automated solutions for the building industry worldwide. Innovating and expanding into aspects of global building, MiTek¬Æ empowers customers to improve the way they design, make and build."
88684,"Ng√¢n h√†ng TMCP H√†ng H·∫£i Vi·ªát Nam (MSB)",Vietnam,"H∆°n 1000",https://assets.topdev.vn/images/2021/09/27/TopDev-3a1441dc6eeb30a7e676c538a9438cbf-1632727590.PNG,https://d-innovation.msb.com.vn/,"Ngay t·ª´ khi th√†nh l·∫≠p, MSB ƒë√£ ghi d·∫•u ·∫•n trong ng√†nh Ng√¢n h√†ng khi ti√™n phong ·ª©ng d·ª•ng C√¥ng ngh·ªá."
89389,"ARCH Vi·ªát Nam",Japan,10-24,https://assets.topdev.vn/images/2020/11/09/arch-logo.jpg,https://arch-vietnam.vn/,"Arch VN l√† c√¥ng ty 100% v·ªën ƒë·∫ßu t∆∞ c·ªßa Nh·∫≠t B·∫£n ra ƒë·ªùi v√†o th√°ng 5 nƒÉm 2015."
91848,"Ng√¢n h√†ng TMCP An B√¨nh (ABBANK)",Vietnam,"H∆°n 1000",https://assets.topdev.vn/images/2020/12/10/logoix91C4zNZxjSXOSWq4xUrJZcHpUbB3xH-39Ezs.png,https://www.abbank.vn/,"Ng√¢n h√†ng TMCP An B√¨nh (ABBANK) ƒë∆∞·ª£c th√†nh l·∫≠p ng√†y 13/05/1993, v·ªõi t·∫ßm nh√¨n tr·ªü th√†nh m·ªôt trong nh·ªØng Ng√¢n h√†ng TMCP h√†ng ƒë·∫ßu Vi·ªát Nam t·∫≠p trung v√†o lƒ©nh v·ª±c b√°n l·∫ª."
91886,"Viettel Solutions",Vietnam,"H∆°n 1000",https://assets.topdev.vn/images/2021/05/21/logoVc5HjjKnsBRMpEsj0Rymo1szjM9wMNWw-8CUJ7.png,https://solutions.viettel.vn,"T·ªïng C√¥ng ty Gi·∫£i ph√°p Doanh nghi·ªáp Viettel (VTS) l√† ƒë∆°n v·ªã tr·ª±c thu·ªôc T·∫≠p ƒëo√†n C√¥ng nghi·ªáp - Vi·ªÖn th√¥ng Qu√¢n ƒë·ªôi Viettel ƒë∆∞·ª£c th√†nh l·∫≠p v·ªõi s·ª© m·ªánh ƒë·ªìng h√†nh c√πng Ch√≠nh ph·ªß x√¢y d·ª±ng th√†nh c√¥ng m·ªôt ‚ÄúCh√≠nh ph·ªß ki·∫øn t·∫°o ‚Äì Ch√≠nh ph·ªß s·ªë‚Äù, h·ª£p t√°c c√πng c√°c doanh nghi·ªáp v√† ng∆∞·ªùi d√¢n ƒë·ªÉ gi·∫£i quy·∫øt c√°c v·∫•n ƒë·ªÅ c·ªßa x√£ h·ªôi, mang l·∫°i cu·ªôc s·ªëng t·ªët ƒë·∫πp h∆°n cho m·ªçi ng∆∞·ªùi. T·ªïng C√¥ng ty Gi·∫£i ph√°p Doanh nghi·ªáp Viettel hi·ªán c√≥ Trung t√¢m nghi√™n c·ª©u ph√°t tri·ªÉn l√†m ch·ªß nh·ªØng c√¥ng ngh·ªá m·ªõi c·ªßa c√°ch m·∫°ng c√¥ng nghi·ªáp 4.0 (Big Data, AI, IoT, AR/VR, Cloud, Blockchain‚Ä¶) ƒë∆∞a ra c√°c gi·∫£i ph√°p cho th√†nh ph·ªë th√¥ng minh v√† chuy·ªÉn ƒë·ªïi s·ªë cho doanh nghi·ªáp, ch√≠nh ph·ªß, c√°c t·ªï ch·ª©c v·ªõi c√°c h∆∞·ªõng nh∆∞ k·∫øt n·ªëi, chia s·∫ª v√† tr·∫£i nghi·ªám kh√°ch h√†ng."
91900,"C√îNG TY TNHH CYLLENGE VI·ªÜT NAM",Japan,25-99,https://assets.topdev.vn/images/2024/04/04/TopDev-Anh-chup-man-hinh-2024-04-04-134925-1712213484.png,https://www.cyllenge.co.jp/,"CYLLENGE VI·ªÜT NAM¬†is a 100% foreign-invested subsidiary of¬†CYLLENGE Corporation in Japan, based in Tan Binh district, Ho Chi Minh city, Vietnam."
92011,"Unit Technology Corporation",Vietnam,100-499,https://assets.topdev.vn/images/2021/01/28/LOGOXANH-el1kz.png,https://unit.com.vn/,"With a dynamic and professional working environment, UNIT looks forward to welcoming experienced, capable and enthusiastic candidates to join the development team. As one of the reputable companies providing financial software solutions at home and abroad, we have successfully implemented many projects in the industry such as: Banking, Investment Funds, Insurance, Companies finance ..."
92221,"M·∫Øt B√£o BPO",Vietnam,100-499,https://assets.topdev.vn/images/2024/07/23/TopDev-26d6fe144e9a969530974a4f1bc4ade0-1721699032.jpg,https://www.matbao.net/,"V·ªÅ M·∫Øt B√£o BPO"
92276,"C√¥ng Ty C·ªï Ph·∫ßn Gi·∫£i Ph√°p V√† C√¥ng Ngh·ªá Vietnix",Vietnam,25-99,https://assets.topdev.vn/images/2021/05/21/logovietnixcareer-01-NguynNhtTn-d12BV.png,https://vietnix.vn,"C√¥ng ty C·ªï ph·∫ßn gi·∫£i ph√°p v√† C√¥ng ngh·ªá Vietnix"
92332,"DaouKiwoom Innovation",South-Korea,100-499,https://assets.topdev.vn/images/2021/10/13/TopDev-a2e0e7e1982f3c25749201e3a46583af-1634107722.PNG,https://www.daou.co.kr/en/company/group,"DaouKiwoom Group has been one of the leading companies in Korea's IT and financial services with the total revenue of 2.2billion USD, profit of 1 billion USD and more than 5,000 employees in 2020."
92338,"APOLLO SOLUTIONS","Not found!","Not found!",https://assets.topdev.vn/images/2023/01/12/TopDev-imgpshfullsizeanim7-1673516018.png,"Not found!","Apollo lu√¥n mong mu·ªën x√¢y d·ª±ng c√¥ng ty ph√°t tri·ªÉn gi·∫£i ph√°p c√¥ng ngh·ªá chuy√™n nghi·ªáp. M√¥i tr∆∞·ªùng l√†m vi·ªác linh ho·∫°t v√† hi·ªáu qu·∫£ cao. ƒê·ªÅ cao vi·ªác x√¢y d·ª±ng gi√° tr·ªã b·ªÅn v·ªØng, ph√°t tri·ªÉn li√™n t·ª•c v√† t√¥n tr·ªçng l·∫´n nhau; ƒë√≤i h·ªèi c√°c th√†nh vi√™n t·∫°i Apollo ph·∫£i lu√¥n n·ªó l·ª±c, t·∫≠p trung, n√¢ng cao nƒÉng l·ª±c, c√πng nhau x√¢y d·ª±ng nh·ªØng gi·∫£i ph√°p c√≥ ch·∫•t l∆∞·ª£ng cao, gi·∫£i quy·∫øt hi·ªáu qu·∫£ c√°c v·∫•n ƒë·ªÅ th·ª±c s·ª± c·ªßa kh√°ch h√†ng."
92367,"Care Health",Singapore,25-99,https://assets.topdev.vn/images/2023/08/03/TopDev-25f6746a7067509100f52fc0be445eb0-1691036286.jpg,https://www.getcare.io/health-resources,"Care is on a mission to create a world where healthcare is patient-centered, seamless, and accessible anywhere.¬† We are in a strategic partnership with our sister company, Raffles Medical Group, to provide 100+ medical services digitally in 14 cities and more.¬† Today, our app is used at the frontlines of COVID19 to support doctors through telemedicine, vaccine paassports, and test certificates. As the digital natives of today become the aging population of tomorrow, we hope to use this momentum to build a health "superapp" that makes healthcare and insurance seamless.¬† We are an engineer-led company that seeks clean code, uptime, and product-market fit. Come join us, and bring your talents to solve the biggest problems in the world today."
92410,"NG√ÇN H√ÄNG TH∆Ø∆†NG M·∫†I C·ªî PH·∫¶N L·ªòC PH√ÅT VI·ªÜT NAM LPBANK",Vietnam,10.000-19.999,https://assets.topdev.vn/images/2024/06/06/TopDev-vtcpu5rqfnrAgyF9-1717660750.png,https://jobs.lpbank.com.vn/vi,"LPBank ti·ªÅn th√¢n l√† Ng√¢n h√†ng Th∆∞∆°ng m·∫°i C·ªï ph·∫ßn Li√™n Vi·ªát (LienVietBank) ƒë∆∞·ª£c th√†nh l·∫≠p theo Gi·∫•y ph√©p th√†nh l·∫≠p v√† ho·∫°t ƒë·ªông s·ªë 91/GP-NHNN ng√†y 28/03/2008 c·ªßa Th·ªëng ƒë·ªëc Ng√¢n h√†ng Nh√† n∆∞·ªõc Vi·ªát Nam."
92592,"T·∫≠p ƒêo√†n C√¥ng ngh·ªá Qu·∫£ng √çch",Vietnam,100-499,https://assets.topdev.vn/images/2024/08/06/TopDev-TopDev-w9EEnDMj3S0yylcT-1708399043-%281%29-1722908913.png,https://qig.vn/,"T·∫≠p ƒêo√†n C√¥ng ngh·ªá Qu·∫£ng √çch"
92703,SoBanHang,Vietnam,25-99,https://assets.topdev.vn/images/2022/01/04/TopDev-AvatarSBH-DuyDoanDat-1641263183.jpg,https://sobanhang.com/,"Finan (SoBanHang) is a Singapore-headquartered technology startup focused on empowering MSME businesses to thrive on digital technologies and create sustainable impact for sociaty, especially those who are underserved. We created SoBanHang apps to help small and micro businesses build online stores, sell to more customers, and manage cashflow effortlessly on smartphones.¬† Founded by experienced top executives from market-leading startups including Lazada, Topica, OneMountGroup, Datamart and backed by top-class investors, we want to empower 1 milion businesses serving 100 millions customers market and generating 100 billions USD revenue by 2025."
92740,DOSOFTPRO,Vietnam,"D∆∞·ªõi 10",https://assets.topdev.vn/images/2022/06/24/TopDev-TopDev-LOGOtam-1643353581-1656041202.png,https://dosoftpro.com,
92880,"Boxme - Ecommerce Fulfillment",Vietnam,100-499,https://assets.topdev.vn/images/2022/03/30/TopDev-LogoBoxmeNew1024X533-PhngNguyn-1648610757.png,https://boxme.asia/vi/,
92937,"Talent Success",Vietnam,25-99,https://assets.topdev.vn/images/2022/04/21/TopDev-logoQjyw0fHIO2WnLeDsxyGfYomv5J0yPJcN-1650530733.png,https://talentsuccess.vn,"Talent Success, Your Business Success"
92942,"ZOI.TECH SGN",Vietnam,100-499,https://assets.topdev.vn/images/2023/10/31/TopDev-Zoi.Tech-SGB-1698729068.png,https://en.zoi.tech/,"We are leaders in the league of industrial customers and are expanding our customer portfolio with exciting retail and SAP projects. Welcome to zoi.tech ‚Äì a Zoi cosmos that is more skilled and international than ever before. Our competencies in AWS IoT, Retail, DevOps, Well-Architected and SAP underline our high certification level and ambition. From Stuttgart, to the rest of Europe and beyond. With locations in Portugal, Spain, Russia and Vietnam. This opens up a ¬ª25/8¬´ service for us. Zoi is strengthened by people in our international teams who successfully catapult our customers' projects into new, digital eras. More now, more know-how, more wow. That is Zoi."
92969,"C√îNG TY C·ªî PH·∫¶N CH·ª®NG KHO√ÅN VPBANK",Vietnam,100-499,https://assets.topdev.vn/images/2022/05/10/TopDev-MicrosoftTeams-image2-TngNguynXun-1652147637.png,https://www.vpbanks.com.vn/,"Tr·ªü th√†nh ƒë·ªãnh ch·∫ø t√†i ch√≠nh c√¥ng ngh·ªá s·ªë 1 Vi·ªát Nam, v·ªõi nƒÉng l·ª±c v√† uy t√≠n v∆∞∆°n t·∫ßm qu·ªëc t·∫ø. L√† ƒëi·ªÉm ƒë·∫øn duy nh·∫•t th·ªèa m√£n t·∫•t c·∫£ c√°c nhu c·∫ßu v·ªÅ d·ªãch v·ª• t√†i ch√≠nh ƒë·∫ßu t∆∞ c·ªßa kh√°ch h√†ng v·ªõi tr·∫£i nghi·ªám ƒë∆°n gi·∫£n v√† th√¢n thi·ªán nh·∫•t."
93569,DATANEXT,Japan,10-24,https://assets.topdev.vn/images/2022/06/10/TopDev-1636625380266831-yenlinh1-1654854036.png,https://www.datanext.co.jp/en/,
93687,"Public Bank Vietnam (PBVN)",Malaysia,"H∆°n 1000",https://assets.topdev.vn/images/2023/06/01/TopDev-Screenshot-2023-06-01-160749-1685610482.png,https://publicbank.com.vn,"Public Bank Vietnam (PBVN) l√† ng√¢n h√†ng 100% v·ªën n∆∞·ªõc ngo√†i thu·ªôc s·ªü h·ªØu c·ªßa Public Bank Berhad, Malaysia, m·ªôt trong nh·ªØng Ng√¢n h√†ng h√†ng ƒë·∫ßu Malaysia v·ªÅ k·∫øt qu·∫£ ho·∫°t ƒë·ªông kinh doanh v√† qu·∫£n tr·ªã b·ªÅn v·ªØng, nh·∫•t qu√°n. Public Bank Vietnam ƒë∆∞·ª£c chuy·ªÉn ƒë·ªïi t·ª´ Ng√¢n h√†ng li√™n doanh VID Public - m·ªôt trong nh·ªØng ng√¢n h√†ng li√™n doanh ƒë·∫ßu ti√™n t·∫°i Vi·ªát Nam, ƒë∆∞·ª£c th√†nh l·∫≠p ng√†y 25 th√°ng 3 nƒÉm 1992 v·ªõi t·ª∑ l·ªá v·ªën g√≥p 50:50 gi·ªØa Ng√¢n h√†ng ƒê·∫ßu t∆∞ v√† Ph√°t tri·ªÉn Vi·ªát Nam (BIDV) v√† Public Bank Berhad, Malaysia. Tr·∫£i qua h∆°n 30 nƒÉm ho·∫°t ƒë·ªông hi·ªáu qu·∫£ t·∫°i Vi·ªát Nam, hi·ªán nay Public Bank Vietnam ƒë√£ m·ªü r·ªông m·∫°ng l∆∞·ªõi l√™n 40 chi nh√°nh v√† ph√≤ng giao d·ªãch (PGD) t·∫°i c√°c t·ªânh v√† th√†nh ph·ªë ch√≠nh c·ªßa Vi·ªát Nam."
93793,"Daito Vietnam Co., Ltd",Japan,25-99,https://assets.topdev.vn/images/2022/10/07/TopDev-daitovietnamlogo-THUPHANANH-1665126107.png,http://daito-vn.com/,"C√¥ng ty TNHH Daito Vi·ªát Nam cam k·∫øt cung c·∫•p d·ªãch v·ª• IT t·ªët nh·∫•t ƒë·∫øn kh√°ch h√†ng, ph√°t huy cao nh·∫•t nƒÉng l·ª±c ƒë·ªôi ng≈© nh√¢n t√†i, mang l·∫°i nh·ªØng gi√° tr·ªã v∆∞·ª£t tr·ªôi ƒë·∫øn kh√°ch h√†ng, nh√¢n vi√™n, c·ªông ƒë·ªìng."
93794,VINHOMES,Vietnam,"H∆°n 1000",https://assets.topdev.vn/images/2022/10/10/TopDev-a9d57f18bae26b4c2f57750d32f662c8-1665417282.png,https://vinhomes.vn/vi/tuyen-dung,"Vinhomes l√† c√¥ng ty ƒë·∫ßu t∆∞, kinh doanh v√† qu·∫£n l√Ω b·∫•t ƒë·ªông s·∫£n s·ªë 1 Vi·ªát Nam v·ªõi quy m√¥, t·ªëc ƒë·ªô ph√°t tri·ªÉn v√† ch·∫•t l∆∞·ª£ng d·ªãch v·ª• ƒë·∫≥ng c·∫•p, d·∫´n d·∫Øt th·ªã tr∆∞·ªùng b·∫•t ƒë·ªông s·∫£n Vi·ªát Nam ph√°t tri·ªÉn b·ªÅn v·ªØng, ti·∫øn t·ªõi v∆∞∆°n t·∫ßm qu·ªëc t·∫ø."
93837,METAROOM,European-Union,25-99,https://assets.topdev.vn/images/2022/11/10/TopDev-1652648692179-LoiChau-1668072774.jpg,https://www.linkedin.com/company/metaroom/,"Metaroom¬Æ is a digital AI-driven platform that works on three levels:"
93922,"N&H Logistics",Vietnam,25-99,https://assets.topdev.vn/images/2023/02/21/TopDev-Screenshot-2023-02-21-140710-1676963303.png,https://nandh.vn,"C√îNG TY CP N & H LOGISTICS ¬†ra ƒë·ªùi v·ªõi s·ª© m·ªánh tr·ªü th√†nh c√¥ng ty cung c·∫•p d·ªãch v·ª• Fulfillment ¬†uy t√≠n - chuy√™n nghi·ªáp h√†ng ƒë·∫ßu Vi·ªát Nam."
93954,"DUDAJI VIETNAM",South-Korea,10-24,https://assets.topdev.vn/images/2023/03/14/TopDev-Dudaji_Sticker_Single_1-%281%29----1678770229.png,https://middo.app/,"Dudaji is an IT development company that knows AI well.In Korea, we are developing services using AI such as VisionAI and natural language processing.Representatively, there is a copyright protection solution.It is headquartered in Korea and has development centers in Vietnam and Southeast Asia.In collaboration with the Vietnamese development team, we also launched a translation and communication app called Middo.(https://middo.app)Recently, we have collaborated with a large Korean game company to publish in the Asian market.The mainly used technology stack is as follows.Kubernetes, React.js(vue.js), PyTorch, Unity"
94001,"LG CNS Vi·ªát Nam",South-Korea,100-499,https://assets.topdev.vn/images/2023/09/12/TopDev-QpmYMaXNbD0iWSod-1694533554.png,https://careers.lgcnsvn.com/,"L√† Chuy√™n gia Chuy·ªÉn ƒë·ªïi K·ªπ thu·∫≠t s·ªë (DX) v√† ƒê·ªëi t√°c tƒÉng tr∆∞·ªüng k·ªπ thu·∫≠t s·ªë, ch√∫ng t√¥i c·ªëng hi·∫øn c√°c k·ªπ nƒÉng DX c·ªßa m√¨nh ƒë·ªÉ giuÃÅp caÃÅc khaÃÅch haÃÄng l∆°ÃÅn ƒëaÃ£t ƒë∆∞∆°Ã£c thaÃÄnh c√¥ng."
94023,"VUS - Anh VƒÉn H·ªôi Vi·ªát M·ªπ",Vietnam,"H∆°n 1000",https://assets.topdev.vn/images/2023/04/19/TopDev-Logo-VUS---Huynh-Tan-Giau%2C-Recruitment-Team-Leader%2C-HO%2C-HCM-giauhuynh%40vus-etsc.edu.vn-1681890223.jpg,https://tuyendung.vus.edu.vn,"Anh VƒÉn H·ªôi Vi·ªát M·ªπ VUS l√† h·ªá th·ªëng gi√°o d·ª•c h√†ng ƒë·∫ßu Vi·ªát Nam. ƒê·∫øn nay, VUS ƒë√£ ph√°t tri·ªÉn r·ªông kh·∫Øp v·ªõi 70+ c∆° s·ªü to√†n qu·ªëc ƒë·∫∑t t·∫°i c√°c th√†nh ph·ªë tr·ªçng ƒëi·ªÉm nh∆∞: H·ªì Ch√≠ Minh. H√† N·ªôi, ƒê√† N·∫µng, B√¨nh D∆∞∆°ng, ƒê·ªìng Nai, V≈©ng T√†u, Bu√¥n Ma Thu·ªôt, C·∫ßn Th∆°, T√¢y Ninh, Vƒ©nh Long,..."
94027,"ROMULUS CONSULTANT COMPANY LIMITED",Singapore,25-99,https://assets.topdev.vn/images/2023/04/21/TopDev-RML-LOGO---Thi-Hoa-Le-Do-1682047543.png,https://romulusconsult.com,"LinkTree Corp, headquartered in Singapore, and Romulus Consultants, based in Vietnam, are consulting firms specializing in IT consulting and development services. We provide resource augmentation for IT companies, connecting local talent with global opportunities."
94091,"CLOUD TECHNOLOGY VN","United States",10-24,https://assets.topdev.vn/images/2023/05/31/TopDev-Logo-Cloud-Technology_002_cr---Ray-Reichardt-%281%29-1685528770.jpg,https://kynghemay.com/,"We‚Äôre a young and talented group of entrepreneurs and engineers with a groundbreaking idea that we hope will contribute towards a better tomorrow. We provide smart solutions for companies of all sizes and pride ourselves on our unparalleled, dedicated service."
94096,"Trung t√¢m C√¥ng ngh·ªá th√¥ng tin BIDV",Vietnam,"H∆°n 1000",https://assets.topdev.vn/images/2023/06/06/TopDev-TopDev-81f3677cd60d2cb9eb6d7fed6b7d5251-1658110907-%281%29-1686020705.png,https://tuyendung.bidv.com.vn/,"Ng√¢n h√†ng TMCP ƒê·∫ßu t∆∞ v√† Ph√°t tri·ªÉn Vi·ªát Nam (BIDV) l√† ng√¢n h√†ng h√†ng ƒë·∫ßu t·∫°i Vi·ªát Nam, ho·∫°t ƒë·ªông kinh doanh trong nhi·ªÅu lƒ©nh v·ª±c nh∆∞: Ng√¢n h√†ng, B·∫£o hi·ªÉm, Ch·ª©ng kho√°n. V·ªõi h∆°n 25.000 c√°n b·ªô nh√¢n vi√™n, BIDV nh·∫≠n th·ª©c ƒë∆∞·ª£c r·∫±ng ngu·ªìn nh√¢n l·ª±c l√† m·ªôt nh√¢n t·ªë quan tr·ªçng h√†ng ƒë·∫ßu cho s·ª± ph√°t tri·ªÉn v√† th√†nh c√¥ng c·ªßa t·ªï ch·ª©c. V√¨ v·∫≠y, m·ªôt trong nh·ªØng m·ª•c ti√™u quan tr·ªçng nh·∫•t c·ªßa BIDV l√† ph·∫£i x√¢y d·ª±ng, duy tr√¨ v√† ph√°t tri·ªÉn ƒë·ªôi ng≈© nh√¢n vi√™n ƒë·∫£m b·∫£o ƒë·ªß v·ªÅ s·ªë l∆∞·ª£ng v√† ch·∫•t l∆∞·ª£ng ƒë·ªÉ th·ª±c hi·ªán th·∫Øng l·ª£i c√°c m·ª•c ti√™u, chi·∫øn l∆∞·ª£c kinh doanh c·ªßa h·ªá th·ªëng."
94126,"C√îNG TY TNHH ASTRA TECHNOLOGY",South-Korea,10-24,https://assets.topdev.vn/images/2024/04/26/TopDev-ruda-1714099590.png,http://www.rudasoft.com/,"L√† m·ªôt doanh nghi·ªáp s·∫£n xu·∫•t ph·∫ßn m·ªÅm c√≥ v·ªën 100% H√†n Qu·ªëc¬† Ch√∫ng t√¥i cung c·∫•p d·ªãch v·ª• t·ª± ƒë·ªông h√≥a th∆∞∆°ng m·∫°i t·∫≠n d·ª•ng chu·ªói gi√° tr·ªã to√†n c·∫ßu (GVC), v·ªõi n·ªÅn t·∫£ng kinh nghi·ªám th·ª±c t·∫ø v·ªÅ lƒ©nh v·ª±c th∆∞∆°ng m·∫°i v√† chuy√™n m√¥n k·ªπ thu·∫≠t cao v·ªÅ ph·∫ßn m·ªÅm, RUDA S&C lu√¥n kh√¥ng ng·ª´ng nghi√™n c·ª©u v√† ph√°t tri·ªÉn, tr·ªü th√†nh doanh nghi·ªáp t∆∞∆°ng lai ƒë·ªìng h√†nh ph√°t tri·ªÉn c√πng v·ªõi c√°c doanh nghi·ªáp v·ª´a v√† nh·ªè, v√† nh·ªØng doanh nghi·ªáp l·ªõn trong v√† ngo√†i n∆∞·ªõc."
94170,"HEINEKEN Vietnam",Netherlands,"H∆°n 1000",https://assets.topdev.vn/images/2023/07/25/TopDev-Logo-HNK---VN---Vy-Ho-Thuy-1690250766.png,http://heineken-vietnam.com.vn/,"HEINEKEN Vietnam is a successful joint venture between HEINEKEN and SATRA (Saigon Trading Group). The company has a proud history of over 30 years ‚Äì growing from the first brewery in Ho Chi Minh City in 1991 to 6 nationwide with over 3,000 employees today. We take Vietnamese people on our growth journey in the country. We are currently creating 246,000 jobs across the value chain, contributing an equivalence of 1.04% of Vietnam‚Äôs total GDP to the local economy and are among the country‚Äôs top taxpayers."
94191,"GIANTY VI·ªÜT NAM",Japan,100-499,https://assets.topdev.vn/images/2023/08/07/TopDev-GIANTY_TRANSPARENT---Tran-Nguyet-Cam-Thi-1691376866.png,https://gianty.com.vn/,"Who we are"
94199,"C√¥ng ty TNHH Transcosmos Technology Vi·ªát Nam",Japan,100-499,https://assets.topdev.vn/images/2023/08/08/TopDev-Logo---Tra-Phung-1691464683.png,https://www.trans-tech.vn/,"transcosmos technology Vietnam is a 100% Japanese owned company and a leader in Software Programming & IT Solution."
94276,"T·ªïng C√¥ng ty B∆∞u ƒëi·ªán Vi·ªát Nam (Vietnam Post)",Vietnam,"H∆°n 1000",https://assets.topdev.vn/images/2023/09/12/TopDev-Logo-Buu-dien-Viet-Nam-01---Hoang-minh-hang-1694509007.png,http://www.vnpost.vn/,"T·ªïng C√¥ng ty B∆∞u ƒëi·ªán Vi·ªát Nam (Vietnam Post) l√† ƒë∆°n v·ªã c√≥ b·ªÅ d√†y h∆°n 75 nƒÉm trong lƒ©nh v·ª±c b∆∞u ch√≠nh v·ªõi t·ªïng nh√¢n s·ª± tr√™n to√†n m·∫°ng l∆∞·ªõi h∆°n 70.000 ng∆∞·ªùi (bao g·ªìm c·∫£ c·ªông t√°c vi√™n v√† ƒë·∫°i l√Ω)."
94319,SanAn,Vietnam,25-99,https://assets.topdev.vn/images/2024/01/26/TopDev-C9QhfwA9Tjz6kO2W-1706254134.png,https://sanancorp.com/ja/,"SanAn l√† m·ªôt c√¥ng ty c√¥ng ngh·ªá tr·∫ª ƒë∆∞·ª£c th√†nh l·∫≠p v√†o nƒÉm 2021, hi·ªán c√≥ h∆°n 60 th√†nh vi√™n v·ªõi 3 vƒÉn ph√≤ng t·∫°i H√† N·ªôi, Thanh H√≥a v√† Tokyo (Nh·∫≠t B·∫£n). V·ªõi s·ª© m·ªánh "Mang ƒë·∫øn n·ª• c∆∞·ªùi h·∫°nh ph√∫c v√† s·ª± c·∫£m ƒë·ªông cho nh·ªØng ng∆∞·ªùi ƒë·ªìng h√†nh b·∫±ng nh·ªØng tr·∫£i nghi·ªám v∆∞·ª£t ngo√†i mong ƒë·ª£i", SanAn lu√¥n mong mu·ªën tr·ªü th√†nh ƒë·ªëi t√°c h√†ng ƒë·∫ßu t·∫°o ra nh·ªØng d·ªãch v·ª• c√≥ gi√° tr·ªã cho ng∆∞·ªùi d√πng, ƒë·ªìng th·ªùi g√≥p ph·∫ßn mang l·∫°i gi√° tr·ªã cho nh·ªØng ng∆∞·ªùi ƒë·ªìng h√†nh b·∫±ng c√°ch t·ªëi ∆∞u h√≥a s·ª©c m·∫°nh c·ªßa CNTT, v·∫≠n d·ª•ng s·ª©c s√°ng t·∫°o v√† tr√°i tim ƒë·ªìng c·∫£m."
94358,"C√îNG TY TNHH C√îNG NGH·ªÜ TH·ªÇ THAO OOKK","Not found!","Not found!",https://assets.topdev.vn/images/2023/10/11/TopDev-logo-OOKK---OOKK-Nhan-su-1697017222.jpg,"Not found!",
94384,Alephon,Vietnam,25-99,https://assets.topdev.vn/images/2023/10/24/TopDev-logo-alephon-1698122118.jpg,https://alephon.com/en/,"Alephon Vietnam was established by a group of industry veterans from New Zealand, Australia,¬†Vietnam and the UAE (Dubai). Our head office is located in Ho Chi Minh City (D7). Alephon is¬†a cloud solution engineering company with focus on small and medium businesses. We assist¬†with the full development lifecycle of digital products. Our mission is to enable small and¬†medium businesses to gain a technology edge by engineering new custom solutions and re-engineering existing solutions."
94388,"International Centre for Trade Transparency Limited",United-Kingdom,100-499,https://assets.topdev.vn/images/2023/10/26/TopDev-ITC-1698306873.png,https://tradecouncil.org/,"International organization led by famous government and industry leaders from across the world including a founding Trustee from the Internet Society and former head of the UN Security Council."
94416,"LightVision Inc.",South-Korea,10-24,https://assets.topdev.vn/images/2023/11/08/TopDev-LV2_%28%29-1699435426.png,https://blog.naver.com/livi_livi/223151950501,"C√¥ng ty TNHH Lightvision ƒë∆∞·ª£c th√†nh l·∫≠p v√†o th√°ng 10 nƒÉm 2018 nh·∫±m t·∫°o ra c√°c gi√° tr·ªã cho x√£ h·ªôi d·ª±a tr√™n c√¥ng ngh·ªá AI."
94445,"ZWILLING J.A. HENCKELS VIET NAM","Not found!","Not found!",https://assets.topdev.vn/images/2024/08/13/TopDev-ZWILLING_no_trademark_3C_P---work-zwilling-1723538651.jpg,"Not found!",
94452,SALESCORE,South-Korea,100-499,https://assets.topdev.vn/images/2023/12/07/TopDev--1701924120.PNG,https://www.salescore.me/,"We are SALESCORE (www.salescore.me), a leading global enterprise specializing in distribution solutions, leverages cutting-edge technology as the world's premier Integrated Distribution System (IDS) provider. Our innovative system-based collaborations span across global sales, supply chain, production, and the dynamic landscape of web 3.0, thereby significantly enhancing companies' sales and return on investment (ROI)."
94501,"GOD Group",Vietnam,100-499,https://assets.topdev.vn/images/2023/12/29/TopDev-sfsdfsdf-1703822858.png,https://www.godgroup.com/,"GOD Group Ltd l√† c√¥ng ty chuy√™n v·ªÅ lƒ©nh v·ª±c th∆∞∆°ng m·∫°i ƒëi·ªán t·ª≠ (E-commerce), l√™n √Ω t∆∞·ªüng thi·∫øt k·∫ø ƒë·ªì h·ªça in tr√™n c√°c s·∫£n ph·∫©m Print-on-Demand n·ªÅn √°o thun, c·ªëc, g·ªëi, chƒÉn, th·∫£m‚Ä¶ cho th·ªã tr∆∞·ªùng USA, Australia, Anh, c√°c n∆∞·ªõc EU. Ngo√†i ra c√¥ng ty c√≤n t·∫≠p trung v√†o l·∫≠p tr√¨nh v√† s·∫£n xu·∫•t ph·∫ßn m·ªÅm v·ªõi team developer chuy√™n nghi·ªáp, t√†i nƒÉng. Ch√∫ng t√¥i mong mu·ªën tr·ªü th√†nh n∆°i ch·∫Øp c√°nh cho c√°c nh√¢n t√†i tr·∫ª, nƒÉng ƒë·ªông ƒë·ªÉ c√°c b·∫°n v∆∞·ª£t qua m·ªçi gi·ªõi h·∫°n ƒë√∫ng nh∆∞ slogan c·ªßa c√¥ng ty ‚ÄúBeyond all borders‚Äù."
94503,Biso24,Vietnam,25-99,https://assets.topdev.vn/images/2024/01/02/TopDev-Logo_Biso-%284%29---Nguyen-Thanh-Truc-1704166859.png,https://biso24.com/,"T·∫ßm nh√¨n: N√¢ng t·∫ßm doanh tr√≠ Vi·ªát Nam, ti√™n phong chuy·ªÉn ƒë·ªïi s·ªë doanh nghi·ªáp to√†n di·ªán v√† ph·ªï c·∫≠p ERP cho SMEs Vi·ªát Nam. C√¥ng ty TNHH C√¥ng Ngh·ªá BISO24 l√† doanh nghi·ªáp chuy√™n s√¢u t∆∞ v·∫•n v√† tri·ªÉn khai ·ª©ng d·ª•ng h·ªá th·ªëng ph·∫ßn m·ªÅm v·ªÅ c√¥ng ngh·ªá th√¥ng tin v√†o qu·∫£n tr·ªã v·∫≠n h√†nh kinh doanh nh·∫±m n√¢ng cao hi·ªáu qu·∫£ ƒëi·ªÅu h√†nh, qu·∫£n tr·ªã cho c√°c doanh nghi·ªáp, t·ªï ch·ª©c kinh doanh."
94534,"GEM MULTIMEDIA SDN. BHD",Malaysia,25-99,https://assets.topdev.vn/images/2024/01/30/TopDev-Logo_Gem---hrr-hrr-1706581701.png,https://gemmedia.info/,"C√¥ng Ty Gem Multimedia SDN. BHD l√† c√¥ng ty chuy√™n cung c·∫•p d·ªãch v·ª• t∆∞ v·∫•n chi·∫øn l∆∞·ª£c Digital Marketing, t∆∞ v·∫•n ƒë·ªãnh h∆∞·ªõng Marketing v√† ƒë·ªãnh h∆∞·ªõng Social Marketing nh·∫±m gi√∫p Doanh nghi·ªáp t·ªëi ∆∞u nh·ªØng chi·∫øn l∆∞·ª£c m√† Doanh nghi·ªáp ƒëang ch·∫°y ho·∫∑c chu·∫©n b·ªã ch·∫°y (SEO, Google Ads, Social Ads,‚Ä¶). Ch√∫ng t√¥i lu√¥n ph√¢n t√≠ch tr∆∞·ªõc khi ƒë∆∞a ra c√°c k·∫ø ho·∫°ch v√† chi·∫øn l∆∞·ª£c ph√π h·ª£p d·ª±a tr√™n ƒë·ªãnh h∆∞·ªõng, t√†i nguy√™n hi·ªán h·ªØu v√† nh√¢n l·ª±c c·ªßa t·ª´ng kh√°ch h√†ng."
94578,"C√îNG TY C·ªî PH·∫¶N SUNTEK",Thailand,25-99,https://assets.topdev.vn/images/2024/02/27/TopDev-Logo-Suntek---Van-Nguyen-1709017080.jpg,http://suntekvn.com/,"Welcome to Suntek, where creativity meets technology in the dynamic realm of gaming! üöÄ As a cutting-edge game studio and outsourcing powerhouse, Suntek is your passport to an exciting world of innovation and collaboration."
94581,"C√îNG TY C·ªî PH·∫¶N GI·∫¢I PH√ÅP C√îNG NGH·ªÜ HCTECH",Vietnam,25-99,https://assets.topdev.vn/images/2024/02/28/TopDev-z5197738950484_b855a807816e61e16930e8ef53439775---Tam-Truong-1709085422.jpg,https://www.hctech.com.vn/,"HCTECH - n∆°i t·∫≠p h·ª£p ƒë·ªôi ng≈© ƒëam m√™ v√† t√¢m huy·∫øt v·ªõi c√¥ng ngh·ªá, s·∫µn s√†ng ƒë∆∞a ra nh·ªØng gi·∫£i ph√°p ƒë·ªôt ph√°, t·∫≠n d·ª•ng c√¥ng ngh·ªá t√≠ch h·ª£p ƒë·ªÉ ƒë∆°n gi·∫£n ho√° qu·∫£n l√Ω, tƒÉng c∆∞·ªùng an to√†n v√† ph√°t tri·ªÉn b·ªÅn v·ªØng cho c√°c ƒë∆°n v·ªã h√†nh ch√≠nh s·ª± nghi·ªáp, c√°c ph√≤ng ban chuy√™n tr√°ch, c√¥ng ty, ban qu·∫£n l√Ω khu c√¥ng nghi·ªáp v√† c√°c t·ªï ch·ª©c t√≠n d·ª•ng.HCTECH t·ª± h√†o ƒë∆∞·ª£c ƒë·ªìng h√†nh c√πng Ch√≠nh ph·ªß trong cu·ªôc chuy·ªÉn ƒë·ªïi s·ªë, ƒë·ªìng h√†nh v√† h·ªó tr·ª£ trong vi·ªác tri·ªÉn khai c√°c gi·∫£i ph√°p c√¥ng ngh·ªá ti√™n ti·∫øn ƒë·ªÉ n√¢ng cao hi·ªáu qu·∫£ c√¥ng t√°c b·∫£o ƒë·∫£m an ninh v√† tr·∫≠t t·ª± x√£ h·ªôi, HCTECH cam k·∫øt ƒëem ƒë·∫øn nh·ªØng gi·∫£i ph√°p th√¥ng minh, linh ho·∫°t v√† t·ªëi ∆∞u nh·∫•t."
94621,"C√¥ng ty ƒê·∫•u gi√° H·ª£p danh Vi·ªát Nam",Vietnam,100-499,https://assets.topdev.vn/images/2024/03/12/TopDev-att96FKwA1vJiowz-1710214500.jpg,https://vpa.com.vn,"C√¥ng ty ƒê·∫•u gi√° h·ª£p danh Vi·ªát Nam l√† ƒë∆°n v·ªã ho·∫°t ƒë·ªông d·ªãch v·ª• t∆∞ v·∫•n, t·ªï ch·ª©c ƒë·∫•u gi√° t√†i s·∫£n theo quy ƒë·ªãnh c·ªßa Lu·∫≠t ƒë·∫•u gi√° t√†i s·∫£n 2016 v√† ph√°p lu·∫≠t c√≥ li√™n quan v·ªõi nhi·ªÅu lo·∫°i t√†i s·∫£n nh∆∞: Quy·ªÅn t√†i s·∫£n, quy·ªÅn s·ª≠ d·ª•ng ƒë·∫•t, v·∫≠t t∆∞, thi·∫øt b·ªã, h√†ng h√≥a v√† c√°c d·ªãch v·ª• kh√°c li√™n quan ƒë·∫øn ho·∫°t ƒë·ªông ƒë·∫•u gi√°."
94657,"C√¥ng ty C·ªï ph·∫ßn C√¥ng ngh·ªá Truy·ªÅn th√¥ng Vi·ªát Nam (VNTT)",Vietnam,100-499,https://assets.topdev.vn/images/2024/04/03/TopDev-Logo-VNTT---English---Tien-Nguyen-1712113621.png,https://vntt.com.vn/,"C√¥ng ty C·ªï ph·∫ßn C√¥ng ngh·ªá Truy·ªÅn th√¥ng Vi·ªát Nam (t√™n ti·∫øng Anh: VIET NAM TECHNOLOGY & TELECOMMUNICATION JOINT STOCK COMPANY; T√™n vi·∫øt t·∫Øt: VNTT) l√† c√¥ng ty ƒë∆∞·ª£c th√†nh l·∫≠p v·ªõi s·ª± g√≥p v·ªën c·ªßa 02 c·ªï ƒë√¥ng s√°ng l·∫≠p: T·ªïng C√¥ng ty ƒê·∫ßu t∆∞ v√† Ph√°t tri·ªÉn C√¥ng nghi·ªáp (Becamex IDC), T·∫≠p ƒëo√†n B∆∞u ch√≠nh Vi·ªÖn th√¥ng Vi·ªát Nam (VNPT)"
94690,"C√¥ng ty TNHH Yura Corporation B·∫Øc Ninh_Chi nh√°nh H√† N·ªôi",Korea,"H∆°n 1000",https://assets.topdev.vn/images/2024/04/24/TopDev-Anh-chup-man-hinh-2024-04-24-163816-1713951535.png,https://www.yuracorp.co.kr/en/index.jsp,"Software, Ph·∫ßn M·ªÅm"
94720,"Specific Group Holding",Austria,100-499,https://assets.topdev.vn/images/2024/05/23/TopDev-vfbfg-%281%29-1716430601.png,https://specific-group.com/,"Specific-Group is your partner in custom software development since 1998. We work internationally with locations in the U.S., Austria, Germany, Slovakia, and Belarus. We employ more than 200 custom software developers, business technology consultants, QA professionals, and UI/UX designers. This allows you to have access to top talent when you need it.¬† Our mission is to make your organization more efficient and profitable through development resources. Whether you‚Äôre looking for short-term developers to finish a software project or you need a completely new application from scratch, we offer excellence in all of our partnerships."
94726,TrinTech,Vietnam,10-24,https://assets.topdev.vn/images/2024/05/24/TopDev-aaf229d2270be04a28b0ff523f87d5be-1716541553.png,123.com,"TrinTech is an online platform that specializes in providing rich, exciting and safe leisure and entertainment experiences. By integrating the latest technology and innovative thinking, we are committed to fulfilling our users' needs for diverse entertainment and easy gaming.¬† The core members of the company are all from well-known internet companies with over 10 years of experience in the gaming industry. Whether it's planning, programming, or art, we have industry-leading leaders, teams, and mature project development and management experience."
94727,"C√¥ng ty c·ªï ph·∫ßn truy·ªÅn th√¥ng VMG (iMedia)",Vietnam,100-499,https://assets.topdev.vn/images/2024/05/24/TopDev-Logo-vmg---Ha-Pham-Thi-Thu-1716541242.jpg,https://vmgmedia.vn/,"1. T·∫ßm nh√¨n: Tr·ªü th√†nh C√¥ng ty C√¥ng ngh·ªá - Truy·ªÅn th√¥ng s·ªë h√†ng ƒë·∫ßu Vi·ªát Nam v√† Khu v·ª±c."
94731,"C√¥ng ty C·ªï ph·∫ßn Symper Vi·ªát Nam",Vietnam,10-24,https://assets.topdev.vn/images/2024/05/30/TopDev-symper-short-logo.4e42aed8---Kha-Dao-Manh-%281%29-1717056764.png,https://symper.vn,"Symper l√† m·ªôt trong nh·ªØng c√¥ng ty ƒëi ƒë·∫ßu t·∫°i Vi·ªát Nam trong lƒ©nh v·ª±c Low-code, v·ªõi s·∫£n ph·∫©m ch·ªß ƒë·∫°o l√† Symper Platform - N·ªÅn t·∫£ng gi√∫p nh·ªØng ng∆∞·ªùi kh√¥ng c·∫ßn bi·∫øt code v·∫´n c√≥ th·ªÉ t·∫°o ra ƒë∆∞·ª£c nh·ªØng ·ª©ng d·ª•ng ph·ª•c v·ª• qu√° tr√¨nh qu·∫£n l√Ω trong doanh nghi·ªáp m·ªôt c√°ch nhanh ch√≥ng v√† hi·ªáu qu·∫£."
94736,"C√¥ng ty C·ªï ph·∫ßn Traphaco",Vietnam,"H∆°n 1000",https://assets.topdev.vn/images/2024/06/05/TopDev-logo_vi---nguyen-lap-1717553387.png,https://traphaco.com.vn/,"C√¥ng ty C·ªï ph·∫ßn Traphaco l√† m·ªôt trong nh·ªØng c√¥ng ty d∆∞·ª£c ph·∫©m h√†ng ƒë·∫ßu t·∫°i Vi·ªát Nam, chuy√™n s·∫£n xu·∫•t v√† kinh doanh c√°c s·∫£n ph·∫©m d∆∞·ª£c ph·∫©m, th·ª±c ph·∫©m ch·ª©c nƒÉng v√† c√°c s·∫£n ph·∫©m chƒÉm s√≥c s·ª©c kh·ªèe tr√™n n·ªÅn t·∫£ng chu·ªói cung ·ª©ng xanh t·ª´ ngu·ªìn nguy√™n li·ªáu ƒë·∫øn c√¥ng ngh·ªá s·∫£n xu·∫•t s·∫°ch, h·ªá th·ªëng ph√¢n ph·ªëi, d·ªãch v·ª• th√¢n thi·ªán v·ªõi m√¥i tr∆∞·ªùng..."
94737,BIOTURING,"United States",25-99,https://assets.topdev.vn/images/2024/08/19/TopDev-z5744842694507_58ff58ee0aeb9bc4526e794e9ab16449-1724037328.jpg,https://bioturing.com/aboutus,"BioTuring is an innovative bioinformatics company that develops algorithms, and software to serve scientists from hundreds of pharmaceutical companies and leading research institutions, enabling discoveries about human diseases."
94750,MenuWise,"New Zealand",10-24,https://assets.topdev.vn/images/2024/06/13/TopDev-5e08dbab276b03a39d059be70d4d52b0-1718263603.png,https://menuwise.com/,"MenuWise provides a web app used by the worlds best chefs to manage their recipes and menus smarter and faster."
94759,"BIDV - Trung t√¢m Ph√°t tri·ªÉn ng√¢n h√†ng s·ªë",Vietnam,"H∆°n 1000",https://assets.topdev.vn/images/2024/06/18/TopDev-TopDev-TopDev-TopDev-81f3677cd60d2cb9eb6d7fed6b7d5251-1658110907-1684203748-1715330917-1718699315.png,https://tuyendung.bidv.com.vn/,"Ng√¢n h√†ng TMCP ƒê·∫ßu t∆∞ v√† Ph√°t tri·ªÉn Vi·ªát Nam (BIDV) l√† ng√¢n h√†ng h√†ng ƒë·∫ßu t·∫°i Vi·ªát Nam, ho·∫°t ƒë·ªông kinh doanh trong nhi·ªÅu lƒ©nh v·ª±c nh∆∞: Ng√¢n h√†ng, B·∫£o hi·ªÉm, Ch·ª©ng kho√°n. V·ªõi h∆°n 25.000 c√°n b·ªô nh√¢n vi√™n, BIDV nh·∫≠n th·ª©c ƒë∆∞·ª£c r·∫±ng ngu·ªìn nh√¢n l·ª±c l√† m·ªôt nh√¢n t·ªë quan tr·ªçng h√†ng ƒë·∫ßu cho s·ª± ph√°t tri·ªÉn v√† th√†nh c√¥ng c·ªßa t·ªï ch·ª©c. V√¨ v·∫≠y, m·ªôt trong nh·ªØng m·ª•c ti√™u quan tr·ªçng nh·∫•t c·ªßa BIDV l√† ph·∫£i x√¢y d·ª±ng, duy tr√¨ v√† ph√°t tri·ªÉn ƒë·ªôi ng≈© nh√¢n vi√™n ƒë·∫£m b·∫£o ƒë·ªß v·ªÅ s·ªë l∆∞·ª£ng v√† ch·∫•t l∆∞·ª£ng ƒë·ªÉ th·ª±c hi·ªán th·∫Øng l·ª£i c√°c m·ª•c ti√™u, chi·∫øn l∆∞·ª£c kinh doanh c·ªßa h·ªá th·ªëng."
94773,"C√îNG TY TNHH C√ÅC GI·∫¢I PH√ÅP SOFTEL",Vietnam,100-499,https://assets.topdev.vn/images/2024/06/27/TopDev-softel---Linh-Nguyen-1719456751.png,https://softel.vn/,
94777,"C√¥ng ty D·ªãch v·ª• S·ªë B∆∞u ƒëi·ªán (Vietnam Post Digital)",Vietnam,"H∆°n 1000",https://assets.topdev.vn/images/2024/07/01/TopDev-izX7asZUwlKkmq2jtfCSP6aRtZ5xVshd_1654567192____6874f3053275a51e231270f93b18a628---Han-Thai-Ngoc-1719802675.jpg,https://vietnampost.vn/,"C√¥ng ty D·ªãch v·ª• S·ªë B∆∞u ƒëi·ªán (Vietnam Post Digital) l√† m·ªôt trong nh·ªØng ƒë∆°n v·ªã tr·∫ª tu·ªïi nh·∫•t thu·ªôc T·ªïng c√¥ng ty B∆∞u ƒëi·ªán Vi·ªát Nam. VNPD ƒë∆∞·ª£c th√†nh l·∫≠p v√†o ƒë·∫ßu nƒÉm 2022 v·ªõi ƒë·ªôi ng≈© nh√¢n s·ª± tr·∫ª, nƒÉng ƒë·ªông, s√°ng t·∫°o c√πng ban l√£nh ƒë·∫°o d√†y d·∫∑n kinh nghi·ªám trong m·∫£ng t√†i ch√≠nh, ng√¢n h√†ng v√† trung gian thanh to√°n."
94789,"Youmi Technology Company",China,"H∆°n 1000",https://assets.topdev.vn/images/2024/07/04/TopDev-Anh-man-hinh-2024-07-04-luc-11.21.25---trung-huy-1720067974.png,https://www.yumi00.com/,"We are a high-tech company specializing in providing IT products, services and solutions. Since its establishment, we have been committed to providing software products, solutions, consulting services and A professional software company for system integration. The core team consists of professionals with many years of experience in various fields, and is the main partner in various fields of the industry. The company concentrates resources such as professionals, technologies, products and services in the Internet field, forming a core competitiveness with distinct characteristics, with strong service capabilities and solution capabilities. The company's purpose is to make enterprise R&D more efficient, convenient and reliable. Make products more humanized, intelligent and professional."
94812,"C√îNG TY TNHH CAPICHI VI·ªÜT NAM",Japan,25-99,https://assets.topdev.vn/images/2024/07/16/TopDev-JQLuiIZEBpGl0gBo-1721103342.png,https://www.order.capichiapp.com,"Capichi l√† m·ªôt c√¥ng ty nƒÉng ƒë·ªông, ƒëang c√≥ nh·ªØng b∆∞·ªõc ti·∫øn ƒë√°ng k·ªÉ trong ng√†nh d·ªãch v·ª• C√¥ng ngh·ªá Th√¥ng tin, F&B (Th·ª±c ph·∫©m v√† ƒê·ªì u·ªëng) v·ªõi tr·ªçng t√¢m l√† c√°ch m·∫°ng h√≥a c√°ch th·ª©c v·∫≠n h√†nh c·ªßa c√°c doanh nghi·ªáp trong lƒ©nh v·ª±c ·∫©m th·ª±c, nh√† h√†ng."
94814,"SAVA META",Vietnam,25-99,https://assets.topdev.vn/images/2024/07/19/TopDev-5fa3e2dc70655f288aefd0186e70566e-1721354687.png,https://savameta.com/,"S·ª© m·ªánh: Ti√™n phong ki·∫øn t·∫°o t∆∞∆°ng lai t·ªët ƒë·∫πp h∆°n v·ªõi Metaverse.SAVA META ti√™n phong trong vi·ªác khai ph√° v√† ·ª©ng d·ª•ng c√¥ng ngh·ªá th·ª±c t·∫ø m·ªü r·ªông (XR) v√† tr√≠ tu·ªá nh√¢n t·∫°o (AI) ƒë·ªÉ x√¢y d·ª±ng n·ªÅn t·∫£ng Metaverse hi·ªán ƒë·∫°i nh·∫•t. Ch√∫ng t√¥i kh√¥ng ch·ªâ mong mu·ªën mang ƒë·∫øn tr·∫£i nghi·ªám ch√¢n th·ª±c v√† ƒëa d·∫°ng cho ng∆∞·ªùi d√πng trong kh√¥ng gian th·ª±c t·∫ø ·∫£o, m√† c√≤n mang l·∫°i c∆° h·ªôi m·ªõi ƒë·ªÉ l√†m vi·ªác, h·ªçc t·∫≠p, gi·∫£i tr√≠ v√† giao ti·∫øp trong m·ªôt th·∫ø gi·ªõi Metaverse s·ªëng ƒë·ªông. T·ª´ ƒë√≥, th√∫c ƒë·∫©y s·ª± s√°ng t·∫°o, k·∫øt n·ªëi v√† h·ª£p t√°c ƒë·ªÉ g√≥p ph·∫ßn ph√°t tri·ªÉn x√£ h·ªôi."
94822,"Gigarion Technology","United States",25-99,https://assets.topdev.vn/images/2024/07/24/TopDev-Logo---Huong-Le-1721813945.jpg,https://gigarion.com/,"Gigarion Technology is your trusted partner in software outsourcing. Based in Vietnam, we provide top-tier services to clients worldwide. Our team of tech experts specializes in building highly skilled development teams and business solution to support your success."
94827,"C√îNG TY TNHH DATREC VI·ªÜT NAM",Vietnam,25-99,https://assets.topdev.vn/images/2024/07/26/TopDev-3c585a9e378d8a6c76e944fc31e94a28-1721980507.jpg,https://gochek.vn/,"C√¥ng ty TNHH Datrec Vi·ªát Nam - l√† ƒë∆°n v·ªã ph√≤ng ƒë·∫ßu ti√™n trong vi·ªác cung c·∫•p gi·∫£i ph√°p c√¥ng ngh·ªá ƒëa lƒ©nh v·ª±c. V·ªõi ho·∫°t ƒë·ªông ch√≠nh bao g·ªìm nghi√™n c·ª©u & ph√°t tri·ªÉn s·∫£n ph·∫©m, ph√¢n ph·ªëi (b√°n bu√¥n, b√°n l·∫ª qua c√°c k√™nh TMƒêT v√† b√°n tr·ª±c ti·∫øp t·∫°i c·ª≠a h√†ng) s·∫£n ph·∫©m th∆∞∆°ng hi·ªáu GoChek - Website: https://gochek.vn/"
94828,CHECKMATE,Vietnam,10-24,https://assets.topdev.vn/images/2024/07/29/TopDev-29f44a5e0f6de2158499bb47a6bec951-1722226353.png,https://checkmate.ai.vn/,"As a technology corporate, Checkmate states our role in helping SME businesses become more productive and efficient by just adjusting some small details in their strategies. Small adjustments made to company processes with the aid of technology solutions could help increase profitability and achieve cost reductions and sustainable success."
94829,"C√îNG TY TNHH C√îNG NGH·ªÜ RBX","Not found!","Not found!",https://assets.topdev.vn/images/2024/07/30/TopDev-RBX-logo-test---Cong-nghe-RBX-1722301332.jpeg,"Not found!","C√¥ng ty TNHH C√¥ng ngh·ªá RBX l√† m·ªôt c√¥ng ty startup th√†nh l·∫≠p nƒÉm 2023, v·ªõi ƒë·ªôi ng≈© ƒë√£ c√πng nhau kh·ªüi nghi·ªáp t·ª´ 2018 trong c√°c lƒ©nh v·ª±c Game & Digital Marketing. RBX ho·∫°t ƒë·ªông trong lƒ©nh v·ª±c c√¥ng ngh·ªá ƒëang l√†m s·∫£n ph·∫©m v·ªÅ lƒ©nh v·ª±c Finance. Xu·∫•t ph√°t t·ª´ kh√°t v·ªçng x√¢y d·ª±ng c√¥ng ty m√† trung t√¢m l√† ƒë·ªôi ng≈© bao g·ªìm nh·ªØng "con ng∆∞·ªùi ph√π h·ª£p", ·ªü ƒë√≥ c√≥ m√¥i tr∆∞·ªùng gi√∫p:¬† M·ªói ng∆∞·ªùi ƒë∆∞·ª£c l√†m vi·ªác v·ªõi nƒÉng l·ª±c chuy√™n m√¥n v√† vƒÉn h√≥a M·ªói ng∆∞·ªùi ƒë∆∞·ª£c tr·ªü th√†nh chuy√™n gia trong lƒ©nh v·ª±c c·ªßa m√¨nh ƒë·ªÉ t·∫°o ra gi√° tr·ªã M·ªói ng∆∞·ªùi ƒë∆∞·ª£c t√¨m th·∫•y m·ª•c ƒë√≠ch l√†m vi·ªác v√† m·ª•c ƒë√≠ch s·ªëng V√¨ v·∫≠y, m·ªôt trong nh·ªØng m·ª•c ti√™u quan tr·ªçng nh·∫•t c·ªßa RBX l√† ph·∫£i x√¢y d·ª±ng, duy tr√¨ v√† ph√°t tri·ªÉn ƒë·ªôi ng≈© nh√¢n vi√™n ƒë·∫£m b·∫£o ƒë·ªß v·ªÅ s·ªë l∆∞·ª£ng v√† ch·∫•t l∆∞·ª£ng ƒë·ªÉ th·ª±c hi·ªán th√†nh c√¥ng c√°c m·ª•c ti√™u, chi·∫øn l∆∞·ª£c d√†i h·∫°n."
94832,"AVEPOINT VI·ªÜT NAM","Not found!","Not found!",https://assets.topdev.vn/images/2024/07/31/TopDev-anh-logo---Thao-dong-1722416659.jpg,"Not found!","AvePoint l√† m·ªôt c√¥ng ty c√¥ng ngh·ªá to√†n c·∫ßu v√† nh√† s√°ng t·∫°o ph·∫ßn m·ªÅm c√≥ tr·ª• s·ªü ch√≠nh t·∫°i Hoa K·ª≥, ƒë∆∞·ª£c th√†nh l·∫≠p v√†o nƒÉm 2001 v√† c√≥ tr·ª• s·ªü t·∫°i Th√†nh ph·ªë Jersey, NJ, v·ªõi c√°c trung t√¢m b√°n h√†ng v√† k·ªπ thu·∫≠t thu·ªôc s·ªü h·ªØu ho√†n to√†n t·∫°i Hoa K·ª≥, Canada, √öc, Nam Phi, V∆∞∆°ng qu·ªëc Anh, Ph√°p, ƒê·ª©c, H√† Lan, Th·ª•y Sƒ©, Nh·∫≠t B·∫£n, Singapore v√† Trung Qu·ªëc. H∆°n 15.000 c√¥ng ty v√† 5 tri·ªáu ng∆∞·ªùi d√πng ƒë√°m m√¢y tr√™n to√†n th·∫ø gi·ªõi tin t∆∞·ªüng AvePoint ƒë·ªÉ di chuy·ªÉn, qu·∫£n l√Ω v√† b·∫£o v·ªá d·ªØ li·ªáu Office 365 v√† SharePoint c·ªßa h·ªç. C√°c gi·∫£i ph√°p ph·∫ßn m·ªÅm t√≠ch h·ª£p, ƒë√°m m√¢y k·∫øt h·ª£p v√† ph·∫ßn m·ªÅm t·∫°i ch·ªó c·ªßa AvePoint ƒë∆∞·ª£c n√¢ng cao nh·ªù h·ªó tr·ª£ 24/7 v√† c√°c d·ªãch v·ª• t·ª´ng ƒëo·∫°t gi·∫£i th∆∞·ªüng. NƒÉm l·∫ßn l√† ƒë·ªëi t√°c trong nƒÉm c·ªßa Microsoft, AvePoint ƒë√£ ƒë∆∞·ª£c vinh danh Inc. 500 | 5000 s√°u l·∫ßn v√† Deloitte Technology Fast 500 ‚Ñ¢ nƒÉm l·∫ßn."
94835,"CHI NH√ÅNH C√îNG TY TNHH PASONA TECH VI·ªÜT NAM T·∫†I ƒê√Ä N·∫¥NG",Japan,100-499,https://assets.topdev.vn/images/2024/08/02/TopDev-TopDev-LogoofPasonaTech-NgnNguyn-1658914059-1722584216.jpg,https://www.pasonatech.vn/,"Ch√†o m·ª´ng ƒë·∫øn v·ªõi Pasona Tech Vi·ªát Nam."
94847,"C√îNG TY C·ªî PH·∫¶N TH·ªÇ THAO UNITY FITNESS",Vietnam,10-24,https://assets.topdev.vn/images/2024/08/20/TopDev-z5748079716449_78273af78d75dc40d11d5c162150721e-1724124572.jpg,https://unityfitness.vn/,
94851,"Seoul AI Hub",South-Korea,100-499,https://assets.topdev.vn/images/2024/08/15/TopDev-209479_210284_524-1723703746.png,https://www.seoulaihub.kr,"In the five years since its establishment in December of 2017 by the city of Seoul, the Seoul AI Hub has been home to 110 companies and currently houses over a hundred more while also maintaining 163 membership companies, a total cumulative worth of over 2 trillion won (KRW). The Seoul AI Hub has been awarded with fourteen accolades including the highly prestigious CES Innovation award and has recently celebrated the IPO of Crowdworks, a graduate of the Hub."
94856,"C√îNG TY TNHH TH∆Ø∆†NG M·∫†I D·ªäCH V·ª§ C√îNG NGH·ªÜ JU YOU","Not found!","Not found!",https://assets.topdev.vn/images/2024/08/16/TopDev-z5737014778327_5fc62c16aa6ce03577d7f85f815f70f3---COMPANY-JUYOU-1723798799.jpg,"Not found!",
